ticker,name,sector
BE,BLOOM ENERGY CLASS A CORP,Industrials
CRDO,CREDO TECHNOLOGY GROUP HOLDING LTD,Information Technology
STRL,STERLING INFRASTRUCTURE INC,Industrials
IONQ,IONQ INC,Information Technology
FN,FABRINET,Information Technology
NXT,NEXTPOWER INC CLASS A,Industrials
CDE,COEUR MINING INC,Materials
TTMI,TTM TECHNOLOGIES INC,Information Technology
SATS,ECHOSTAR CORP CLASS A,Communication
GH,GUARDANT HEALTH INC,Health Care
RMBS,RAMBUS INC,Information Technology
MOD,MODINE MANUFACTURING,Industrials
SITM,SITIME CORP,Information Technology
DY,DYCOM INDUSTRIES INC,Industrials
SANM,SANMINA CORP,Information Technology
SMTC,SEMTECH CORP,Information Technology
DOCN,DIGITALOCEAN HOLDINGS INC,Information Technology
HUT,HUT CORP,Information Technology
PL,PLANET LABS CLASS A,Industrials
AAOI,APPLIED OPTOELECTRONICS INC,Information Technology
KTOS,KRATOS DEFENSE AND SECURITY SOLUTI,Industrials
APLD,APPLIED DIGITAL CORP,Information Technology
HL,HECLA MINING,Materials
AEIS,ADVANCED ENERGY INDUSTRIES INC,Information Technology
VIAV,VIAVI SOLUTIONS INC,Information Technology
QBTS,D WAVE QUANTUM INC,Information Technology
SPXC,SPX TECHNOLOGIES INC,Industrials
MOGA,MOOG INC CLASS A,Industrials
BBIO,BRIDGEBIO PHARMA INC,Health Care
ARWR,ARROWHEAD PHARMACEUTICALS INC,Health Care
LUMN,LUMEN TECHNOLOGIES INC,Communication
RIOT,RIOT PLATFORMS INC,Information Technology
AXSM,AXSOME THERAPEUTICS INC,Health Care
CYTK,CYTOKINETICS INC,Health Care
GTLS,CHART INDUSTRIES INC,Industrials
UMBF,UMB FINANCIAL CORP,Financials
ENSG,ENSIGN GROUP INC,Health Care
VSAT,VIASAT INC,Information Technology
FORM,FORMFACTOR INC,Information Technology
WULF,TERAWULF INC,Information Technology
CTRE,CARETRUST REIT INC,Real Estate
AGX,ARGAN INC,Industrials
PRAX,PRAXIS PRECISION MEDICINES INC,Health Care
FCFS,FIRSTCASH HOLDINGS INC,Financials
SNEX,STONEX GROUP INC,Financials
CMC,COMMERCIAL METALS,Materials
AHR,AMERICAN HEALTHCARE REIT INC,Real Estate
WTS,WATTS WATER TECHNOLOGIES INC CLASS,Industrials
ENS,ENERSYS,Industrials
RGTI,RIGETTI COMPUTING INC,Information Technology
ORA,ORMAT TECH INC,Utilities
CORZ,CORE SCIENTIFIC INC,Information Technology
POWL,POWELL INDUSTRIES INC,Industrials
MDGL,MADRIGAL PHARMACEUTICALS INC,Health Care
ONB,OLD NATIONAL BANCORP,Financials
OKLO,OKLO INC CLASS A,Utilities
SM,SM ENERGY,Energy
CIFR,CIPHER DIGITAL INC,Information Technology
BTSG,BRIGHTSPRING HEALTH SERVICES INC,Health Care
AVAV,AEROVIRONMENT INC,Industrials
HQY,HEALTHEQUITY INC,Health Care
VICR,VICOR CORP,Industrials
FLR,FLUOR CORP,Industrials
ESE,ESCO TECHNOLOGIES INC,Industrials
KRYS,KRYSTAL BIOTECH INC,Health Care
PLXS,PLEXUS CORP,Information Technology
SLAB,SILICON LABORATORIES INC,Information Technology
RHP,RYMAN HOSPITALITY PROPERTIES REIT,Real Estate
MXL,MAXLINEAR INC,Information Technology
ZWS,ZURN ELKAY WATER SOLUTIONS CORP,Industrials
JOBY,JOBY AVIATION INC CLASS A,Industrials
MYRG,MYR GROUP INC,Industrials
TMHC,TAYLOR MORRISON HOME CORP,Consumer Discretionary
ALKS,ALKERMES,Health Care
CWAN,CLEARWATER ANALYTICS HOLDINGS INC,Information Technology
JXN,JACKSON FINANCIAL INC CLASS A,Financials
VSH,VISHAY INTERTECHNOLOGY INC,Information Technology
JBTM,JBT MAREL CORP,Industrials
IDCC,INTERDIGITAL INC,Information Technology
VLY,VALLEY NATIONAL,Financials
PRIM,PRIMORIS SERVICES CORP,Industrials
TEX,TEREX CORP,Industrials
UEC,URANIUM ENERGY CORP,Energy
TRNO,TERRENO REALTY REIT CORP,Real Estate
NPO,ENPRO INC,Industrials
LNTH,LANTHEUS HOLDINGS INC,Health Care
FSS,FEDERAL SIGNAL CORP,Industrials
EAT,BRINKER INTERNATIONAL INC,Consumer Discretionary
MAC,MACERICH REIT,Real Estate
KGS,KODIAK GAS SERVICES INC,Energy
IESC,IES INC,Industrials
PCVX,VAXCYTE INC,Health Care
SSRM,SSR MINING INC,Materials
MRCY,MERCURY SYSTEMS INC,Industrials
ACA,ARCOSA INC,Industrials
GVA,GRANITE CONSTRUCTION INC,Industrials
NE,NOBLE CORPORATION PLC,Energy
GBCI,GLACIER BANCORP INC,Financials
TXNM,TXNM ENERGY INC,Utilities
UBSI,UNITED BANKSHARES INC,Financials
EPRT,ESSENTIAL PROPERTIES REALTY TRUST,Real Estate
GATX,GATX CORP,Industrials
NOVT,NOVANTA INC,Information Technology
KRG,KITE REALTY GROUP TRUST REIT,Real Estate
VAL,VALARIS LTD,Energy
SWX,SOUTHWEST GAS HOLDINGS INC,Utilities
PTCT,PTC THERAPEUTICS INC,Health Care
MATX,MATSON INC,Industrials
RIG,TRANSOCEAN LTD,Energy
GKOS,GLAUKOS CORP,Health Care
HWC,HANCOCK WHITNEY CORP,Financials
HIMS,HIMS HERS HEALTH INC CLASS A,Health Care
AROC,ARCHROCK INC,Energy
MARA,MARA HOLDINGS INC,Information Technology
GTX,GARRETT MOTION INC,Consumer Discretionary
HCC,WARRIOR MET COAL INC,Materials
PTGX,PROTAGONIST THERAPEUTICS INC,Health Care
POR,PORTLAND GENERAL ELECTRIC,Utilities
ROAD,CONSTRUCTION PARTNERS INC CLASS A,Industrials
PIPR,PIPER SANDLER COMPANIES,Financials
COMP,COMPASS INC CLASS A,Real Estate
NJR,NEW JERSEY RESOURCES CORP,Utilities
TGTX,TG THERAPEUTICS INC,Health Care
USAR,USA RARE EARTH INC CLASS A,Materials
ABCB,AMERIS BANCORP,Financials
CVLT,COMMVAULT SYSTEMS INC,Information Technology
BKH,BLACK HILLS CORP,Utilities
CWST,CASELLA WASTE SYSTEMS INC CLASS A,Industrials
ZETA,ZETA GLOBAL HOLDINGS CORP CLASS A,Information Technology
ESNT,ESSENT GROUP LTD,Financials
KLIC,KULICKE AND SOFFA INDUSTRIES INC,Information Technology
SYRE,SPYRE THERAPEUTICS INC,Health Care
AUB,ATLANTIC UNION BANKSHARES CORP,Financials
SYNA,SYNAPTICS INC,Information Technology
BOOT,BOOT BARN HOLDINGS INC,Consumer Discretionary
PLUG,PLUG POWER INC,Industrials
SIGI,SELECTIVE INSURANCE GROUP INC,Financials
BCPC,BALCHEM CORP,Materials
YOU,CLEAR SECURE INC CLASS A,Information Technology
MUR,MURPHY OIL CORP,Energy
NVTS,NAVITAS SEMICONDUCTOR CORP,Information Technology
MGY,MAGNOLIA OIL GAS CORP CLASS A,Energy
HASI,HA SUSTAINABLE INFRASTRUCTURE CAPI,Financials
HOMB,HOME BANCSHARES INC,Financials
PECO,PHILLIPS EDISON AND COMPANY INC,Real Estate
COGT,COGENT BIOSCIENCES INC,Health Care
CRSP,CRISPR THERAPEUTICS AG,Health Care
GLNG,GOLAR LNG LTD,Energy
BIPC,BROOKFIELD INFRASTRUCTURE CORP CLA,Utilities
VSEC,VSE CORP,Industrials
CSTM,CONSTELLIUM SE CLASS A,Materials
CLSK,CLEANSPARK INC,Information Technology
CNR,CORE NATURAL RESOURCES INC,Energy
ACIW,ACI WORLDWIDE INC,Information Technology
SBRA,SABRA HEALTH CARE REIT INC,Real Estate
SXT,SENSIENT TECHNOLOGIES CORP,Materials
LTH,LIFE TIME GROUP HOLDINGS INC,Consumer Discretionary
SR,SPIRE INC,Utilities
DIOD,DIODES INC,Information Technology
OUT,OUTFRONT MEDIA INC,Real Estate
IBP,INSTALLED BUILDING PRODUCTS INC,Consumer Discretionary
ACLS,AXCELIS TECHNOLOGIES INC,Information Technology
AX,AXOS FINANCIAL INC,Financials
URBN,URBAN OUTFITTERS INC,Consumer Discretionary
OSCR,OSCAR HEALTH INC CLASS A,Financials
NUVL,NUVALENT INC CLASS A,Health Care
LBRT,LIBERTY ENERGY INC CLASS A,Energy
RYTM,RHYTHM PHARMACEUTICALS INC,Health Care
ASB,ASSOCIATED BANCORP,Financials
UFPI,UFP INDUSTRIES INC,Industrials
MTRN,MATERION CORP,Materials
CNX,CNX RESOURCES CORP,Energy
XENE,XENON PHARMACEUTICALS INC,Health Care
MTH,MERITAGE CORP,Consumer Discretionary
RDN,RADIAN GROUP INC,Financials
OGS,ONE GAS INC,Utilities
CBT,CABOT CORP,Materials
POWI,POWER INTEGRATIONS INC,Information Technology
CRC,CALIFORNIA RESOURCES CORP,Energy
KYMR,KYMERA THERAPEUTICS INC,Health Care
KNF,KNIFE RIVER CORP,Materials
LGND,LIGAND PHARMACEUTICALS INC,Health Care
LGN,LEGENCE CORP CLASS A,Industrials
PRM,PERIMETER SOLUTIONS INC,Materials
CNO,CNO FINANCIAL GROUP INC,Financials
PSMT,PRICESMART INC,Consumer Staples
FTDR,FRONTDOOR INC,Consumer Discretionary
RXO,RXO INC,Industrials
TCBI,TEXAS CAPITAL BANCSHARES INC,Financials
INDV,INDIVIOR PHARMACEUTICALS INC,Health Care
CELC,CELCUITY INC,Health Care
AIR,AAR CORP,Industrials
FFIN,FIRST FINANCIAL BANKSHARES INC,Financials
BCO,BRINKS,Industrials
CSW,CSW INDUSTRIALS INC,Industrials
MIR,MIRION TECHNOLOGIES INC CLASS A,Information Technology
LUNR,INTUITIVE MACHINES INC CLASS A,Industrials
HRI,HERC HOLDINGS INC,Industrials
MC,MOELIS CLASS A,Financials
NWE,NORTHWESTERN ENERGY GROUP INC,Utilities
EBC,EASTERN BANKSHARES INC,Financials
ACMR,ACM RESEARCH CLASS A INC,Information Technology
LAUR,LAUREATE EDUCATION INC,Consumer Discretionary
XMTR,XOMETRY INC CLASS A,Industrials
VRNS,VARONIS SYSTEMS INC,Information Technology
FLG,FLAGSTAR BANK NATIONAL ASSOCIATION,Financials
CVCO,CAVCO INDUSTRIES INC,Consumer Discretionary
CVSA,COVISTA INC,Consumer Discretionary
ACHR,ARCHER AVIATION INC CLASS A,Industrials
UUUU,ENERGY FUELS INC,Energy
GSAT,GLOBALSTAR VOTING INC,Communication
SRRK,SCHOLAR ROCK HOLDING CORP,Health Care
TWST,TWIST BIOSCIENCE CORP,Health Care
QLYS,QUALYS INC,Information Technology
RUSHA,RUSH ENTERPRISES INC CLASS A,Industrials
BOX,BOX INC CLASS A,Information Technology
FULT,FULTON FINANCIAL CORP,Financials
MIRM,MIRUM PHARMACEUTICALS INC,Health Care
CECO,CECO ENVIRONMENTAL CORP,Industrials
BDC,BELDEN INC,Information Technology
LRN,STRIDE INC,Consumer Discretionary
SKT,TANGER INC,Real Estate
LIVN,LIVANOVA PLC,Health Care
OPLN,OPENLANE INC,Industrials
PI,IMPINJ INC,Information Technology
SKY,CHAMPION HOMES INC,Consumer Discretionary
PTEN,PATTERSON UTI ENERGY INC,Energy
AZZ,AZZ INC,Industrials
SPHR,SPHERE ENTERTAINMENT CLASS A,Communication
REZI,RESIDEO TECHNOLOGIES INC,Industrials
WHD,CACTUS INC CLASS A,Energy
SFBS,SERVISFIRST BANCSHARES INC,Financials
KTB,KONTOOR BRANDS INC,Consumer Discretionary
INDB,INDEPENDENT BANK CORP,Financials
ENVA,ENOVA INTERNATIONAL INC,Financials
TDS,TELEPHONE AND DATA SYSTEMS INC,Communication
DAN,DANA INCORPORATED INC,Consumer Discretionary
IBOC,INTERNATIONAL BANCSHARES CORP,Financials
UNF,UNIFIRST CORP,Industrials
HP,HELMERICH & PAYNE INC,Energy
UCB,UNITED COMMUNITY BANKS INC,Financials
MWA,MUELLER WATER PRODUCTS INC SERIES,Industrials
ITRI,ITRON INC,Information Technology
LQDA,LIQUIDIA CORP,Health Care
IRT,INDEPENDENCE REALTY INC,Real Estate
VCTR,VICTORY CAPITAL HOLDINGS CLASS A I,Financials
KFY,KORN FERRY,Industrials
BGC,BGC GROUP INC CLASS A,Financials
UCTT,ULTRA CLEAN HOLDINGS INC,Information Technology
BNL,BROADSTONE NET LEASE INC,Real Estate
FELE,FRANKLIN ELECTRIC INC,Industrials
VCYT,VERACYTE INC,Health Care
ATMU,ATMUS FILTRATION TECHNOLOGIES INC,Industrials
VSCO,VICTORIA S SECRET,Consumer Discretionary
EXTR,EXTREME NETWORKS INC,Information Technology
KAI,KADANT INC,Industrials
TVTX,TRAVERE THERAPEUTICS INC,Health Care
RNST,RENASANT CORP,Financials
OII,OCEANEERING INTERNATIONAL INC,Energy
WSFS,WSFS FINANCIAL CORP,Financials
TDW,TIDEWATER INC,Energy
GPI,GROUP AUTOMOTIVE INC,Consumer Discretionary
CATY,CATHAY GENERAL BANCORP,Financials
FBP,FIRST BANCORP,Financials
CENX,CENTURY ALUMINUM,Materials
BMI,BADGER METER INC,Information Technology
MMSI,MERIT MEDICAL SYSTEMS INC,Health Care
LMND,LEMONADE INC,Financials
ABG,ASBURY AUTOMOTIVE GROUP INC,Consumer Discretionary
PJT,PJT PARTNERS INC CLASS A,Financials
RDNT,RADNET INC,Health Care
PII,POLARIS INC,Consumer Discretionary
CDP,COPT DEFENSE PROPERTIES,Real Estate
CPRX,CATALYST PHARMACEUTICALS INC,Health Care
MHO,M I HOMES INC,Consumer Discretionary
SOUN,SOUNDHOUND AI INC CLASS A,Information Technology
GHC,GRAHAM HOLDINGS COMPANY CLASS B,Consumer Discretionary
COCO,THE VITA COCO COMPANY INC,Consumer Staples
BTU,PEABODY ENERGY CORP,Energy
INOD,INNODATA INC,Industrials
AAP,ADVANCE AUTO PARTS INC,Consumer Discretionary
RUN,SUNRUN INC,Industrials
RELY,REMITLY GLOBAL INC,Financials
APGE,APOGEE THERAPEUTICS INC,Health Care
PBF,PBF ENERGY INC CLASS A,Energy
CGON,CG ONCOLOGY INC,Health Care
ASO,ACADEMY SPORTS AND OUTDOORS INC,Consumer Discretionary
NSIT,INSIGHT ENTERPRISES INC,Information Technology
IRTC,IRHYTHM HOLDINGS INC,Health Care
TENB,TENABLE HOLDINGS INC,Information Technology
STNG,SCORPIO TANKERS INC,Energy
CVBF,CVB FINANCIAL CORP,Financials
ANF,ABERCROMBIE AND FITCH CLASS A,Consumer Discretionary
MMS,MAXIMUS INC,Industrials
VECO,VEECO INSTRUMENTS INC,Information Technology
SXI,STANDEX INTERNATIONAL CORP,Industrials
FUL,HB FULLER,Materials
DORM,DORMAN PRODUCTS INC,Consumer Discretionary
NHI,NATIONAL HEALTH INVESTORS REIT INC,Real Estate
SIG,SIGNET JEWELERS LTD,Consumer Discretionary
CC,CHEMOURS,Materials
LASR,NLIGHT INC,Information Technology
OSIS,OSI SYSTEMS INC,Information Technology
CRNX,CRINETICS PHARMACEUTICALS INC,Health Care
APLE,APPLE HOSPITALITY REIT INC,Real Estate
BKU,BANKUNITED INC,Financials
STEP,STEPSTONE GROUP INC CLASS A,Financials
SKYW,SKYWEST INC,Industrials
TXG,10X GENOMICS INC CLASS A,Health Care
CBU,COMMUNITY FINANCIAL SYSTEM INC,Financials
TPC,TUTOR PERINI CORP,Industrials
AVA,AVISTA CORP,Utilities
GNW,GENWORTH FINANCIAL INC,Financials
CNK,CINEMARK HOLDINGS INC,Communication
NATL,NCR ATLEOS CORP,Financials
QTWO,Q2 HOLDINGS INC,Information Technology
OPCH,OPTION CARE HEALTH INC,Health Care
GFF,GRIFFON CORP,Industrials
CALM,CAL MAINE FOODS INC,Consumer Staples
VC,VISTEON CORP,Consumer Discretionary
KN,KNOWLES CORP,Information Technology
WSBC,WESBANCO INC,Financials
FFBC,FIRST FINANCIAL BANCORP,Financials
HGV,HILTON GRAND VACATIONS INC,Consumer Discretionary
OTTR,OTTER TAIL CORP,Utilities
BELFB,BEL FUSE INC CLASS B,Information Technology
SLG,SL GREEN REALTY REIT CORP,Real Estate
DNTH,DIANTHUS THERAPEUTICS INC,Health Care
INSW,INTERNATIONAL SEAWAYS INC,Energy
LEU,CENTRUS ENERGY CORP CLASS A,Energy
AVNT,AVIENT CORP,Materials
SEI,SOLARIS OILFIELD INFRASTRUCTURE IN,Energy
ARCB,ARCBEST CORP,Industrials
KBH,KB HOME,Consumer Discretionary
PENG,PENGUIN SOLUTIONS INC,Information Technology
ICUI,ICU MEDICAL INC,Health Care
HAE,HAEMONETICS CORP,Health Care
ADEA,ADEIA INC,Information Technology
AMBA,AMBARELLA INC,Information Technology
UNFI,UNITED NATURAL FOODS INC,Consumer Staples
GEO,GEO GROUP INC,Industrials
CRGY,CRESCENT ENERGY CLASS A,Energy
ITGR,INTEGER HOLDINGS CORP,Health Care
SHOO,STEVEN MADDEN LTD,Consumer Discretionary
HWKN,HAWKINS INC,Materials
FIBK,FIRST INTERSTATE BANCSYSTEM INC,Financials
NTCT,NETSCOUT SYSTEMS INC,Information Technology
CAKE,CHEESECAKE FACTORY INC,Consumer Discretionary
BHE,BENCHMARK ELECTRONICS INC,Information Technology
EXPO,EXPONENT INC,Industrials
SFNC,SIMMONS FIRST NATIONAL CORP CLASS,Financials
SDRL,SEADRILL LTD,Energy
BEAM,BEAM THERAPEUTICS INC,Health Care
STNE,STONECO LTD CLASS A,Financials
MRX,MAREX GROUP PLC,Financials
KALU,KAISER ALUMINIUM CORP,Materials
LXP,LXP INDUSTRIAL TRUST,Real Estate
DAVE,DAVE INC CLASS A,Financials
AWR,AMERICAN STATES WATER,Utilities
CON,CONCENTRA GROUP HOLDINGS PARENT IN,Health Care
PATK,PATRICK INDUSTRIES INC,Consumer Discretionary
PHIN,PHINIA INC,Consumer Discretionary
DNLI,DENALI THERAPEUTICS INC,Health Care
BOH,BANK OF HAWAII CORP,Financials
UPST,UPSTART HOLDINGS INC,Financials
AKR,ACADIA REALTY TRUST REIT,Real Estate
TOWN,TOWNEBANK,Financials
RRR,RED ROCK RESORTS ORS CLASS A INC,Consumer Discretionary
MSGE,MADISON SQUARE GARDEN ENTERTAINMEN,Communication
SBCF,SEACOAST BANKING OF FLORIDA,Financials
BXMT,BLACKSTONE MORTGAGE TRUST REIT CLA,Financials
UE,URBAN EDGE PROPERTIES,Real Estate
LION,LIONSGATE STUDIOS CORP,Communication
BKD,BROOKDALE SENIOR LIVING INC,Health Care
PARR,PAR PACIFIC HOLDINGS INC,Energy
PLMR,PALOMAR HOLDINGS INC,Financials
DBRG,DIGITALBRIDGE GROUP INC CLASS A,Financials
CHEF,CHEFS WAREHOUSE INC,Consumer Staples
CPK,CHESAPEAKE UTILITIES CORP,Utilities
CURB,CURBLINE PROPERTIES,Real Estate
EOSE,EOS ENERGY ENTERPRISES INC CLASS A,Industrials
HLIO,HELIOS TECHNOLOGIES INC,Industrials
AEHR,AEHR TEST SYSTEMS,Information Technology
ATKR,ATKORE INC,Industrials
NMIH,NMI HOLDINGS INC,Financials
EWTX,EDGEWISE THERAPEUTICS INC,Health Care
FSLY,FASTLY INC CLASS A,Information Technology
DK,DELEK US HOLDINGS INC,Energy
ACAD,ACADIA PHARMACEUTICALS INC,Health Care
PFS,PROVIDENT FINANCIAL SERVICES INC,Financials
MCY,MERCURY GENERAL CORP,Financials
GPOR,GULFPORT ENERGY CORP,Energy
WK,WORKIVA INC CLASS A,Information Technology
VISN,VISTANCE NETWORKS INC,Information Technology
WDFC,WD-40,Consumer Staples
IMVT,IMMUNOVANT INC,Health Care
MGEE,MGE ENERGY INC,Utilities
ATRO,ASTRONICS CORP,Industrials
CTRI,CENTURI HOLDINGS INC,Industrials
ROG,ROGERS CORP,Information Technology
WAFD,WAFD INC,Financials
ERAS,ERASCA INC,Health Care
MGRC,MCGRATH RENT,Industrials
HUBG,HUB GROUP INC CLASS A,Industrials
CWT,CALIFORNIA WATER SERVICE GROUP,Utilities
DX,DYNEX CAPITAL REIT INC,Financials
IVT,INVENTRUST PROPERTIES CORP,Real Estate
AEO,AMERICAN EAGLE OUTFITTERS INC,Consumer Discretionary
TNGX,TANGO THERAPEUTICS INC,Health Care
TRN,TRINITY INDUSTRIES INC,Industrials
FCPT,FOUR CORNERS PROPERTY INC TRUST,Real Estate
PTON,PELOTON INTERACTIVE CLASS A INC,Consumer Discretionary
ORKA,ORUKA THERAPEUTICS INC,Health Care
BCC,BOISE CASCADE,Industrials
DGII,DIGI INTERNATIONAL INC,Information Technology
OUST,OUSTER INC,Information Technology
LCII,LCI INDUSTRIES,Consumer Discretionary
BANC,BANC OF CALIFORNIA INC,Financials
ALHC,ALIGNMENT HEALTHCARE INC,Health Care
VAC,MARRIOTT VACATIONS WORLDWIDE CORP,Consumer Discretionary
NIC,NICOLET BANKSHARES INC,Financials
AMPX,AMPRIUS TECHNOLOGIES INC,Industrials
COHU,COHU INC,Information Technology
FRME,FIRST MERCHANTS CORP,Financials
PRK,PARK NATIONAL CORP,Financials
QUBT,QUANTUM COMPUTING INC,Information Technology
BRZE,BRAZE INC CLASS A,Information Technology
AMR,ALPHA METALLURGICAL RESOURCE INC,Materials
FLNC,FLUENCE ENERGY INC CLASS A,Industrials
DYN,DYNE THERAPEUTICS INC,Health Care
CLMT,CALUMET INC,Energy
SUPN,SUPERNUS PHARMACEUTICALS INC,Health Care
PRVA,PRIVIA HEALTH GROUP INC,Health Care
WERN,WERNER ENTERPRISES INC,Industrials
IDYA,IDEAYA BIOSCIENCES INC,Health Care
GOLF,ACUSHNET HOLDINGS CORP,Consumer Discretionary
KMT,KENNAMETAL INC,Industrials
CALX,CALIX NETWORKS INC,Information Technology
WAY,WAYSTAR HOLDING CORP,Health Care
AGYS,AGILYSYS INC,Information Technology
WRBY,WARBY PARKER INC CLASS A,Consumer Discretionary
SHAK,SHAKE SHACK INC CLASS A,Consumer Discretionary
PFSI,PENNYMAC FINANCIAL SERVICES INC,Financials
MTX,MINERALS TECHNOLOGIES INC,Materials
DNOW,DNOW INC,Industrials
JOE,ST JOE,Real Estate
ICHR,ICHOR HOLDINGS LTD,Information Technology
BBT,BEACON FINANCIAL CORP,Financials
NGVT,INGEVITY CORP,Materials
OSW,ONESPAWORLD HOLDINGS LTD,Consumer Discretionary
TRMK,TRUSTMARK CORP,Financials
NTB,BANK OF NT BUTTERFIELD & SON LTD,Financials
WT,WISDOMTREE INC,Financials
CWK,CUSHMAN AND WAKEFIELD LTD,Real Estate
DFTX,DEFINIUM THERAPEUTICS INC,Health Care
ANDE,ANDERSONS INC,Consumer Staples
APAM,ARTISAN PARTNERS ASSET MANAGEMENT,Financials
ARQT,ARCUTIS BIOTHERAPEUTICS INC,Health Care
ABM,ABM INDUSTRIES INC,Industrials
RAMP,LIVERAMP HOLDINGS INC,Information Technology
AMSC,AMERICAN SUPERCONDUCTOR CORP,Industrials
CARG,CARGURUS INC CLASS A,Communication
NG,NOVAGOLD RESOURCES INC,Materials
FBNC,FIRST BANCORP,Financials
TARS,TARSUS PHARMACEUTICALS INC,Health Care
CUBI,CUSTOMERS BANCORP INC,Financials
NBTB,NBT BANCORP INC,Financials
BBAI,BIGBEAR.AI HOLDINGS INC,Information Technology
RSI,RUSH STREET INTERACTIVE INC CLASS,Consumer Discretionary
BUSE,FIRST BUSEY CORP,Financials
CLDX,CELLDEX THERAPEUTICS INC,Health Care
ATEN,A10 NETWORKS INC,Information Technology
NHC,NATIONAL HEALTHCARE CORP,Health Care
ADPT,ADAPTIVE BIOTECHNOLOGIES CORP,Health Care
SPSC,SPS COMMERCE INC,Information Technology
FBK,FB FINANCIAL CORP,Financials
DRH,DIAMONDROCK HOSPITALITY,Real Estate
TMDX,TRANSMEDICS GROUP INC,Health Care
BTDR,BITDEER TECHNOLOGIES GROUP CLASS A,Information Technology
VOYG,VOYAGER TECHNOLOGIES INC CLASS A,Industrials
GRAL,GRAIL INC,Health Care
DHT,DHT HOLDINGS INC,Energy
BANF,BANCFIRST CORP,Financials
TBBK,BANCORP INC,Financials
PPTA,PERPETUA RESOURCES CORP,Materials
BATRK,ATLANTA BRAVES HOLDINGS INC SERIES,Communication
FRSH,FRESHWORKS INC CLASS A,Information Technology
VVX,V2X INC,Industrials
ALRM,ALARM.COM HOLDINGS INC,Information Technology
BANR,BANNER CORP,Financials
MZTI,MARZETTI,Consumer Staples
EFSC,ENTERPRISE FINANCIAL SERVICES CORP,Financials
PBH,PRESTIGE CONSUMER HEALTHCARE INC,Health Care
CXW,CORECIVIC REIT INC,Industrials
PLUS,EPLUS,Information Technology
BLBD,BLUE BIRD CORP,Industrials
HNI,HNI CORP,Industrials
RDW,REDWIRE CORP,Industrials
MGNI,MAGNITE INC,Communication
NOG,NORTHERN OIL AND GAS INC,Energy
RCUS,ARCUS BIOSCIENCES INC,Health Care
HE,HAWAIIAN ELECTRIC INDUSTRIES INC,Utilities
CPRI,CAPRI HOLDINGS LTD,Consumer Discretionary
IBRX,IMMUNITYBIO INC,Health Care
PRDO,PERDOCEO EDUCATION CORP,Consumer Discretionary
GPGI,GPGI INC CLASS A,Information Technology
NMRK,NEWMARK GROUP INC CLASS A,Real Estate
KNTK,KINETIK HOLDINGS INC CLASS A,Energy
LC,LENDINGCLUB CORP,Financials
IMNM,IMMUNOME INC,Health Care
GRBK,GREEN BRICK PARTNERS INC,Consumer Discretionary
TE,T1 ENERGY INC,Information Technology
VERA,VERA THERAPEUTICS INC CLASS A,Health Care
SGHC,SUPER GROUP LTD,Consumer Discretionary
DBD,DIEBOLD NIXDORF INC,Information Technology
DCO,DUCOMMUN INC,Industrials
FIVN,FIVE9 INC,Information Technology
SHLS,SHOALS TECHNOLOGIES GROUP INC CLAS,Industrials
SMR,NUSCALE POWER CORP CLASS A,Industrials
NWBI,NORTHWEST BANCSHARES INC,Financials
SHO,SUNSTONE HOTEL INVESTORS REIT INC,Real Estate
IOSP,INNOSPEC INC,Materials
SEZL,SEZZLE INC,Financials
CALY,CALLAWAY GOLF COMPANY,Consumer Discretionary
BAND,BANDWIDTH INC CLASS A,Communication
FUN,SIX FLAGS ENTERTAINMENT CORP,Consumer Discretionary
RLAY,RELAY THERAPEUTICS INC,Health Care
ALGT,ALLEGIANT TRAVEL,Industrials
NWN,NORTHWEST NATURAL HOLDING COMPANY,Utilities
BFH,BREAD FINANCIAL HOLDINGS INC,Financials
CNS,COHEN & STEERS INC,Financials
IRON,DISC MEDICINE INC,Health Care
PGNY,PROGYNY INC,Health Care
FLYW,FLYWIRE CORP,Financials
UTI,UNIVERSAL TECHNICAL INSTITUTE INC,Consumer Discretionary
OFG,OFG BANCORP,Financials
AAMI,ACADIAN ASSET MANAGEMENT INC,Financials
NEOG,NEOGEN CORP,Health Care
KWR,QUAKER HOUGHTON CORP,Materials
AMRX,AMNEAL PHARMACEUTICALS INC CLASS A,Health Care
BWIN,BALDWIN INSURANCE GROUP INC CLASS,Financials
ARR,ARMOUR RESIDENTIAL REIT INC,Financials
BCRX,BIOCRYST PHARMACEUTICALS INC,Health Care
SONO,SONOS INC,Consumer Discretionary
FCF,FIRST COMMONWEALTH FINANCIAL CORP,Financials
STC,STEWART INFO SERVICES CORP,Financials
OMCL,OMNICELL INC,Health Care
LMAT,LEMAITRE VASCULAR INC,Health Care
HTO,H2O AMERICA,Utilities
TALO,TALOS ENERGY INC,Energy
HMN,HORACE MANN EDUCATORS CORP,Financials
NN,NEXTNAV INC,Information Technology
DXPE,DXP ENTERPRISES INC,Industrials
HURN,HURON CONSULTING GROUP INC,Industrials
AXGN,AXOGEN INC,Health Care
UNIT,UNITI GROUP INC,Communication
MD,PEDIATRIX MEDICAL GROUP INC,Health Care
SYBT,STOCK YARDS BANCORP INC,Financials
BULL,WEBULL CORP CLASS A,Financials
AUPH,AURINIA PHARMACEUTICALS INC,Health Care
STRA,STRATEGIC EDUCATION INC,Consumer Discretionary
ADMA,ADMA BIOLOGICS INC,Health Care
CTS,CTS CORP,Information Technology
GNL,GLOBAL NET LEASE INC,Real Estate
PLAB,PHOTRONICS INC,Information Technology
AIN,ALBANY INTERNATIONAL CORP CLASS A,Industrials
ZD,ZIFF DAVIS INC,Communication
DHC,DIVERSIFIED HEALTHCARE TRUST,Real Estate
PEB,PEBBLEBROOK HOTEL TRUST REIT,Real Estate
PRLB,PROTO LABS INC,Industrials
CRVL,CORVEL CORP,Health Care
WOR,WORTHINGTON ENTERPRISES INC,Industrials
SEM,SELECT MEDICAL HOLDINGS CORP,Health Care
ADNT,ADIENT PLC,Consumer Discretionary
SPB,SPECTRUM BRANDS HOLDINGS INC,Consumer Staples
NRIX,NURIX THERAPEUTICS INC,Health Care
IMAX,IMAX CORP,Communication
WLY,JOHN WILEY AND SONS INC CLASS A,Communication
HLIT,HARMONIC INC,Information Technology
TNK,TEEKAY TANKERS LTD CLASS A,Energy
SKWD,SKYWARD SPECIALTY INSURANCE GROUP,Financials
GTY,GETTY REALTY REIT CORP,Real Estate
WTTR,SELECT WATER SOLUTIONS INC CLASS A,Energy
ECPG,ENCORE CAPITAL GROUP INC,Financials
EPAC,ENERPAC TOOL GROUP CORP CLASS A,Industrials
MBC,MASTERBRAND INC,Industrials
RXRX,RECURSION PHARMACEUTICALS INC CLAS,Health Care
PAGS,PAGSEGURO DIGITAL LTD CLASS A,Financials
AVPT,AVEPOINT INC CLASS A,Information Technology
IPAR,INTERPARFUMS INC,Consumer Staples
CHCO,CITY HOLDING,Financials
LTC,LTC PROPERTIES REIT INC,Real Estate
CBZ,CBIZ INC,Industrials
TILE,INTERFACE INC,Industrials
XHR,XENIA HOTELS RESORTS REIT INC,Real Estate
AGM,FEDERAL AGRICULTURAL MORTGAGE NON,Financials
SPNT,SIRIUSPOINT LTD,Financials
SMA,SMARTSTOP SELF STORAGE REIT INC,Real Estate
CMPR,CIMPRESS PLC,Industrials
SILA,SILA RLTY TR INC TRUST,Real Estate
NNI,NELNET INC CLASS A,Financials
STBA,S AND T BANCORP INC,Financials
NVCR,NOVOCURE LTD,Health Care
OCUL,OCULAR THERAPEUTIX INC,Health Care
EVTC,EVERTEC INC,Financials
STEL,STELLAR BANCORP INC,Financials
NTST,NETSTREIT CORP,Real Estate
HCI,HCI GROUP INC,Financials
ENVX,ENOVIX CORP,Industrials
CENTA,CENTRAL GARDEN AND PET CLASS A,Consumer Staples
HTH,HILLTOP HOLDINGS INC,Financials
NESR,NATIONAL ENERGY SERVICES REUNITED,Energy
PDFS,PDF SOLUTIONS INC,Information Technology
TIC,TIC SOLUTIONS INC,Industrials
VCEL,VERICEL CORP,Health Care
GT,GOODYEAR TIRE & RUBBER,Consumer Discretionary
UFPT,UFP TECHNOLOGIES INC,Health Care
KSS,KOHLS CORP,Consumer Discretionary
BLX,BANCO LATINOAMERICANO DE COMERCIO,Financials
SNDX,SYNDAX PHARMACEUTICALS INC,Health Care
EFC,ELLINGTON FINANCIAL INC,Financials
SOC,SABLE OFFSHORE CORP CLASS A,Energy
TFIN,TRIUMPH FINANCIAL INC,Financials
PBI,PITNEY BOWES INC,Industrials
ADUS,ADDUS HOMECARE CORP,Health Care
INVA,INNOVIVA INC,Health Care
NBHC,NATIONAL BANK HOLDINGS CORP CLASS,Financials
IIPR,INNOVATIVE INDUSTRIAL PROPERTIES I,Real Estate
CLOV,CLOVER HEALTH INVESTMENTS CORP CLA,Health Care
WKC,WORLD KINECT CORP,Energy
WD,WALKER & DUNLOP INC,Financials
MQ,MARQETA INC CLASS A,Financials
PCT,PURECYCLE TECHNOLOGIES INC,Materials
NVAX,NOVAVAX INC,Health Care
AGIO,AGIOS PHARMACEUTICALS INC,Health Care
PACS,PACS GROUP INC,Health Care
BL,BLACKLINE INC,Information Technology
SLS,SELLAS LIFE SCIENCES GROUP INC,Health Care
PAYO,PAYONEER GLOBAL INC,Financials
MCRI,MONARCH CASINO AND RESORT INC,Consumer Discretionary
DEI,DOUGLAS EMMETT REIT INC,Real Estate
LZB,LA-Z-BOY INC,Consumer Discretionary
TNC,TENNANT,Industrials
ALG,ALAMO GROUP INC,Industrials
GABC,GERMAN AMERICAN BANCORP INC,Financials
LPG,DORIAN LPG LTD,Energy
GRC,GORMAN-RUPP,Industrials
RCAT,RED CAT HOLDINGS INC,Industrials
ASTH,ASTRANA HEALTH INC,Health Care
TCBK,TRICO BANCSHARES,Financials
JBLU,JETBLUE AIRWAYS CORP,Industrials
ARI,APOLLO COMMERCIAL REAL ESTATE FINA,Financials
HOPE,HOPE BANCORP INC,Financials
VPG,VISHAY PRECISION GROUP INC,Information Technology
NTLA,INTELLIA THERAPEUTICS INC,Health Care
GEF,GREIF INC CLASS A,Materials
TPB,TURNING POINT BRANDS INC,Consumer Staples
AI,C3 AI INC CLASS A,Information Technology
PUMP,PROPETRO HOLDING CORP,Energy
STOK,STOKE THERAPEUTICS INC,Health Care
INTA,INTAPP INC,Information Technology
ECVT,ECOVYST INC,Materials
BORR,BORR DRILLING LTD,Energy
DCOM,DIME COMMUNITY BANCSHARES INC,Financials
MLYS,MINERALYS THERAPEUTICS INC,Health Care
QCRH,QCR HOLDINGS INC,Financials
PRCT,PROCEPT BIOROBOTICS CORP,Health Care
PRGS,PROGRESS SOFTWARE CORP,Information Technology
PRG,PROG HOLDINGS INC,Financials
ELVN,ENLIVEN THERAPEUTICS INC,Health Care
FTRE,FORTREA HOLDINGS INC,Health Care
TNET,TRINET GROUP INCINARY,Industrials
HLMN,HILLMAN SOLUTIONS CORP,Industrials
LINC,LINCOLN EDUCATIONAL SERVICES CORP,Consumer Discretionary
IE,IVANHOE ELECTRIC INC,Materials
ANIP,ANI PHARMACEUTICALS INC,Health Care
REX,REX AMERICAN RESOURCES CORP,Energy
DCH,DAUCH CORPORATION,Consumer Discretionary
LKFN,LAKELAND FINANCIAL CORP,Financials
NEXT,NEXTDECADE CORP,Energy
WWW,WOLVERINE WORLD WIDE INC,Consumer Discretionary
GBX,GREENBRIER INC,Industrials
WS,WORTHINGTON STEEL INC,Materials
CNOB,CONNECTONE BANCORP INC,Financials
KOD,KODIAK SCIENCES INC,Health Care
HCSG,HEALTHCARE SERVICES GROUP INC,Industrials
TDOC,TELADOC HEALTH INC,Health Care
ARLO,ARLO TECHNOLOGIES INC,Information Technology
OBK,ORIGIN BANCORP INC,Financials
BKE,BUCKLE INC,Consumer Discretionary
BFC,BANK FIRST CORP,Financials
ALMS,ALUMIS INC,Health Care
AMBQ,AMBIQ MICRO INC,Information Technology
HRMY,HARMONY BIOSCIENCES HLDG INC,Health Care
YELP,YELP INC,Communication
TRIP,TRIPADVISOR INC,Communication
KOS,KOSMOS ENERGY LTD,Energy
CRI,CARTERS INC,Consumer Discretionary
VRDN,VIRIDIAN THERAPEUTICS ORS INC,Health Care
ARDX,ARDELYX INC,Health Care
SRCE,1ST SOURCE CORP,Financials
CCS,CENTURY COMMUNITIES INC,Consumer Discretionary
SKYT,SKYWATER TECHNOLOGY INC,Information Technology
HG,HAMILTON INSURANCE GROUP LTD CLASS,Financials
ARRY,ARRAY TECHNOLOGIES INC,Industrials
BKSY,BLACKSKY TECHNOLOGY INC CLASS A,Industrials
NEO,NEOGENOMICS INC,Health Care
FA,FIRST ADVANTAGE CORP,Industrials
SFL,SFL LTD,Energy
LEG,LEGGETT & PLATT INC,Consumer Discretionary
TRVI,TREVI THERAPEUTICS INC,Health Care
AESI,ATLAS ENERGY SOLUTIONS INC,Energy
BHVN,BIOHAVEN LTD,Health Care
KW,KENNEDY WILSON HOLDINGS INC,Real Estate
IOVA,IOVANCE BIOTHERAPEUTICS INC,Health Care
ADTN,ADTRAN HOLDINGS INC,Information Technology
NSP,INSPERITY INC,Industrials
WLDN,WILLDAN GROUP INC,Industrials
UVV,UNIVERSAL CORP,Consumer Staples
LOB,LIVE OAK BANCSHARES INC,Financials
GENI,GENIUS SPORTS LTD,Consumer Discretionary
HLX,HELIX ENERGY SOLUTIONS GROUP INC,Energy
LFST,LIFESTANCE HEALTH GROUP INC,Health Care
TSHA,TAYSHA GENE THERAPIES INC,Health Care
TTI,TETRA TECHNOLOGIES INC,Energy
NBR,NABORS INDUSTRIES LTD,Energy
IMKTA,INGLES MARKETS INC CLASS A,Consumer Staples
ALKT,ALKAMI TECHNOLOGY INC,Information Technology
SLVM,SYLVAMO CORP,Materials
ICFI,ICF INTERNATIONAL INC,Industrials
RLJ,RLJ LODGING TRUST REIT,Real Estate
TNDM,TANDEM DIABETES CARE INC,Health Care
WABC,WESTAMERICA BANCORPORATION,Financials
AMLX,AMYLYX PHARMACEUTICALS INC,Health Care
SBH,SALLY BEAUTY HOLDINGS INC,Consumer Discretionary
TWO,TWO HARBORS INVESTMENT CORP,Financials
ATRC,ATRICURE INC,Health Care
TRS,TRIMAS CORP,Materials
SLDE,SLIDE INSURANCE HOLDINGS INC,Financials
SAH,SONIC AUTOMOTIVE INC CLASS A,Consumer Discretionary
OI,O I GLASS INC,Materials
EYE,NATIONAL VISION HOLDINGS INC,Consumer Discretionary
COUR,COURSERA INC,Consumer Discretionary
PLGO,PELAGOS INSURANCE CAPITAL LTD,Financials
AAT,AMERICAN ASSETS TRUST REIT INC,Real Estate
ORC,ORCHID ISLAND CAPITAL INC,Financials
CAPR,CAPRICOR THERAPEUTICS INC,Health Care
BLKB,BLACKBAUD INC,Information Technology
XPRO,EXPRO GROUP HOLDINGS NV,Energy
BRSL,BRIGHTSTAR LOTTERY PLC,Consumer Discretionary
PEBO,PEOPLES BANCORP INC,Financials
ENOV,ENOVIS CORP,Health Care
ZYME,ZYMEWORKS INC,Health Care
HLF,HERBALIFE LTD,Consumer Staples
RYZ,RYERSON HOLDING CORP,Materials
NSSC,NAPCO SECURITY TECHNOLOGIES INC,Information Technology
ACT,ENACT HOLDINGS INC,Financials
GBTG,GLOBAL BUSINESS TRAVEL GROUP INC A,Consumer Discretionary
PRA,PROASSURANCE CORP,Financials
MBIN,MERCHANTS BANCORP,Financials
USLM,UNITED STATES LIME AND MINERALS IN,Materials
VTOL,BRISTOW GROUP INC,Energy
ALNT,ALLIENT INC,Industrials
NUVB,NUVATION BIO INC CLASS A,Health Care
GLUE,MONTE ROSA THERAPEUTICS INC,Health Care
NNE,NANO NUCLEAR ENERGY INC,Industrials
UMH,UMH PROPERTIES INC,Real Estate
CEVA,CEVA INC,Information Technology
VSTS,VESTIS CORP,Industrials
GIII,G III APPAREL GROUP LTD,Consumer Discretionary
LADR,LADDER CAPITAL CORP CLASS A,Financials
TGLS,TECNOGLASS INC,Industrials
TMP,TOMPKINS FINANCIAL CORP,Financials
NPKI,NPK INTERNATIONAL INC,Industrials
JJSF,J AND J SNACK FOODS CORP,Consumer Staples
ENR,ENERGIZER HOLDINGS INC,Consumer Staples
TDAY,USA TODAY INC,Communication
UPWK,UPWORK INC,Industrials
AGL,AGILON HEALTH,Health Care
ASTE,ASTEC INDUSTRIES INC,Industrials
CDNA,CAREDX INC,Health Care
SCSC,SCANSOURCE INC,Information Technology
LNN,LINDSAY CORP,Industrials
MIAX,MIAMI INTERNATIONAL HOLDINGS INC,Financials
CSR,CENTERSPACE,Real Estate
SCL,STEPAN,Materials
AIP,ARTERIS INC,Information Technology
AVNS,AVANOS MEDICAL INC,Health Care
AMN,AMN HEALTHCARE INC,Health Care
ROCK,GIBRALTAR INDUSTRIES INC,Industrials
XPEL,XPEL INC,Consumer Discretionary
UVSP,UNIVEST FINANCIAL CORP,Financials
AMRC,AMERESCO INC CLASS A,Industrials
NWPX,NWPX INFRASTRUCTURE INC,Industrials
PZZA,PAPA JOHNS INTERNATIONAL INC,Consumer Discretionary
CIM,CHIMERA INVESTMENT CORP,Financials
PRKS,UNITED PARKS AND RESORTS INC,Consumer Discretionary
AEVA,AEVA TECHNOLOGIES INC,Information Technology
ALH,ALLIANCE LAUNDRY HOLDINGS INC,Industrials
WINA,WINMARK CORP,Consumer Discretionary
AOSL,ALPHA AND OMEGA SEMICONDUCTOR LTD,Information Technology
GPRE,GREEN PLAINS INC,Energy
BLFS,BIOLIFE SOLUTIONS INC,Health Care
AMC,AMC ENTERTAINMENT HOLDINGS INC CLA,Communication
DLX,DELUXE CORP,Industrials
UAMY,UNITED STATES ANTIMONY CORP,Materials
PWP,PERELLA WEINBERG PARTNERS CLASS A,Financials
APPN,APPIAN CORP CLASS A,Information Technology
RAPP,RAPPORT THERAPEUTICS INC,Health Care
ACVA,ACV AUCTIONS INC CLASS A,Industrials
CVI,CVR ENERGY INC,Energy
NAT,NORDIC AMERICAN TANKERS LTD,Energy
VYX,NCR VOYIX CORP,Information Technology
CNMD,CONMED CORP,Health Care
URGN,UROGEN PHARMA LTD,Health Care
MNKD,MANNKIND CORP,Health Care
HROW,HARROW INC,Health Care
LILAK,LIBERTY LATIN AMERICA LTD CLASS C,Communication
PNTG,PENNANT GROUP INC,Health Care
CTBI,COMMUNITY TRUST BANCORP INC,Financials
THRM,GENTHERM INC,Consumer Discretionary
MLKN,MILLERKNOLL INC,Industrials
VERX,VERTEX INC CLASS A,Information Technology
FIGS,FIGS INC CLASS A,Consumer Discretionary
OSBC,OLD SECOND BANCORP INC,Financials
IART,INTEGRA LIFESCIENCES HOLDINGS CORP,Health Care
EVLV,EVOLV TECHNOLOGIES HOLDINGS INC CL,Information Technology
SAFT,SAFETY INSURANCE GROUP INC,Financials
DFIN,DONNELLEY FINANCIAL SOLUTIONS INC,Financials
CMP,COMPASS MINERALS INTERNATIONAL INC,Materials
INVX,INNOVEX INTERNATIONAL INC,Energy
BY,BYLINE BANCORP INC,Financials
REAL,THE REALREAL INC,Consumer Discretionary
OCFC,OCEANFIRST FINANCIAL CORP,Financials
PDM,PIEDMONT REALTY TRUST INC CLASS A,Real Estate
GHM,GRAHAM CORP,Industrials
FLY,FIREFLY AEROSPACE INC,Industrials
FDP,FRESH DEL MONTE PRODUCE INC,Consumer Staples
KALV,KALVISTA PHARMACEUTICALS INC,Health Care
APPS,DIGITAL TURBINE INC,Information Technology
AHCO,ADAPTHEALTH CORP,Health Care
SGRY,SURGERY PARTNERS INC,Health Care
EYPT,EYEPOINT INC,Health Care
WMK,WEIS MARKETS INC,Consumer Staples
BHRB,BURKE HERBERT FINANCIAL SERVICES C,Financials
RUM,RUMBLE INC CLASS A,Communication
STAA,STAAR SURGICAL,Health Care
UPBD,UPBOUND GROUP INC,Consumer Discretionary
DEA,EASTERLY GOVERNMENT PROPERTIES INC,Real Estate
MRTN,MARTEN TRANSPORT LTD,Industrials
LIF,LIFE360 INC,Information Technology
PLOW,DOUGLAS DYNAMICS INC,Industrials
LGIH,LGI HOMES INC,Consumer Discretionary
COLL,COLLEGIUM PHARMACEUTICAL INC,Health Care
SMPL,THE SIMPLY GOOD FOODS COMPANY,Consumer Staples
WGS,GENEDX HOLDINGS CORP CLASS A,Health Care
CRK,COMSTOCK RESOURCES INC,Energy
EFOR,EVERFORTH INC,Information Technology
AVBP,ARRIVENT BIOPHARMA INC,Health Care
FG,F&G ANNUITIES AND LIFE INC,Financials
KOPN,KOPIN CORP,Information Technology
SG,SWEETGREEN INC CLASS A,Consumer Discretionary
MFA,MFA FINANCIAL INC,Financials
VRTS,VIRTUS INVESTMENT PARTNERS INC,Financials
ANAB,ANAPTYSBIO INC,Health Care
DOLE,DOLE PLC,Consumer Staples
INDI,INDIE SEMICONDUCTOR INC CLASS A,Information Technology
PLPC,PREFORMED LINE PRODUCTS,Industrials
FMBH,FIRST MID BANCSHARES INC,Financials
PRCH,PORCH GROUP INC,Information Technology
XERS,XERIS BIOPHARMA HOLDINGS INC,Health Care
PMT,PENNYMAC MORTGAGE INVESTMENT TRUST,Financials
AMAL,AMALGAMATED FINANCIAL CORP,Financials
TROX,TRONOX HOLDINGS PLC,Materials
PGY,PAGAYA TECHNOLOGIES LTD CLASS A,Information Technology
SVC,SERVICE PROPERTIES TRUST,Real Estate
AZTA,AZENTA INC,Health Care
CFFN,CAPITOL FEDERAL FINANCIAL INC,Financials
FLNG,FLEX LNG LTD,Energy
PD,PAGERDUTY INC,Information Technology
PRSU,PURSUIT ATTRACTIONS AND HOSPITALIT,Consumer Discretionary
SBSI,SOUTHSIDE BANCSHARES INC,Financials
USPH,US PHYSICAL THERAPY INC,Health Care
CRAI,CRA INTERNATIONAL INC,Industrials
HFWA,HERITAGE FINANCIAL CORP,Financials
UFCS,UNITED FIRE GROUP INC,Financials
TRST,TRUSTCO BANK CORP,Financials
DEC,DIVERSIFIED ENERGY COMPANY,Energy
BUR,BURFORD CAPITAL LTD,Financials
UVE,UNIVERSAL INSURANCE HOLDINGS INC,Financials
CBL,CBL ASSOCIATES PROPERTIES INC,Real Estate
PCRX,PACIRA BIOSCIENCES INC,Health Care
MSEX,MIDDLESEX WATER,Utilities
AORT,ARTIVION INC,Health Care
ABR,ARBOR REALTY TRUST REIT INC,Financials
CCB,COASTAL FINANCIAL CORP,Financials
INBX,INHIBRX BIOSCIENCES INC,Health Care
NBN,NORTHEAST BANK,Financials
ASPI,ASP ISOTOPES INC,Materials
HAFC,HANMI FINANCIAL CORP,Financials
CNXN,PC CONNECTION INC,Information Technology
BFLY,BUTTERFLY NETWORK INC CLASS A,Health Care
IDT,IDT CORP CLASS B,Communication
ZGN,ERMENEGILDO ZEGNA NV,Consumer Discretionary
APEI,AMERICAN PUBLIC EDUCATION INC,Consumer Discretionary
ASST,STRIVE INC CLASS A,Health Care
SCHL,SCHOLASTIC CORP,Communication
OLMA,OLEMA PHARMACEUTICALS INC,Health Care
BJRI,BJS RESTAURANTS INC,Consumer Discretionary
QDEL,QUIDELORTHO CORP,Health Care
ABSI,ABSCI CORP,Health Care
SDGR,SCHRODINGER INC,Health Care
ATEC,ALPHATEC HOLDNGS INC,Health Care
HBNC,HORIZON BANCORP INC,Financials
CCNE,CNB FINANCIAL CORP,Financials
LIND,LINDBLAD EXPEDITIONS HOLDINGS INC,Consumer Discretionary
WSR,WHITESTONE REIT,Real Estate
GRDN,GUARDIAN PHARMACY SERVICES INC CLA,Health Care
MBX,MBX BIOSCIENCES INC,Health Care
FIZZ,NATIONAL BEVERAGE CORP,Consumer Staples
CGEM,CULLINAN THERAPEUTICS INC,Health Care
PVLA,PALVELLA THERAPEUTICS INC,Health Care
MBWM,MERCANTILE BANK CORP,Financials
BV,BRIGHTVIEW HOLDINGS INC,Industrials
BFST,BUSINESS FIRST BANCSHARES INC,Financials
WVE,WAVE LIFE SCIENCES LTD,Health Care
LMB,LIMBACH HOLDINGS INC,Industrials
JBGS,JBG SMITH PROPERTIES,Real Estate
CCOI,COGENT COMMUNICATIONS HOLDINGS INC,Communication
AMPL,AMPLITUDE INC CLASS A,Information Technology
GSHD,GOOSEHEAD INSURANCE INC CLASS A,Financials
CDRE,CADRE HOLDINGS INC,Industrials
NAVN,NAVAN INC CLASS A,Consumer Discretionary
LQDT,LIQUIDITY SERVICES INC,Industrials
GCT,GIGACLOUD TECHNOLOGY INC CLASS A,Consumer Discretionary
KFRC,KFORCE INC,Industrials
EIG,EMPLOYERS HOLDINGS INC,Financials
UTL,UNITIL CORP,Utilities
VIR,VIR BIOTECHNOLOGY INC,Health Care
NX,QUANEX BUILDING PRODUCTS CORP,Industrials
SAFE,SAFEHOLD INC,Real Estate
TRUP,TRUPANION INC,Financials
BBSI,BARRETT BUSINESS SERVICES INC,Industrials
MYE,MYERS INDUSTRIES INC,Materials
XNCR,XENCOR INC,Health Care
LZ,LEGALZOOM COM INC,Industrials
CAC,CAMDEN NATIONAL CORP,Financials
APOG,APOGEE ENTERPRISES INC,Industrials
SMP,STANDARD MOTOR PRODUCTS INC,Consumer Discretionary
THFF,FIRST FINANCIAL CORPORATION CORP,Financials
ESRT,EMPIRE STATE REALTY REIT INC TRUST,Real Estate
CPF,CENTRAL PACIFIC FINANCIAL CORP,Financials
EPC,EDGEWELL PERSONAL CARE,Consumer Staples
DRVN,DRIVEN BRANDS HOLDINGS INC,Consumer Discretionary
TRNS,TRANSCAT INC,Industrials
SHEN,SHENANDOAH TELECOMMUNICATIONS,Communication
AMTB,AMERANT BANCORP INC CLASS A,Financials
DAKT,DAKTRONICS INC,Information Technology
STGW,STAGWELL INC CLASS A,Communication
FSUN,FIRSTSUN CAPITAL BANCORP,Financials
MATW,MATTHEWS INTERNATIONAL CORP CLASS,Consumer Discretionary
MITK,MITEK SYSTEMS INC,Information Technology
MCB,METROPOLITAN BANK HOLDING CORP,Financials
SXC,SUNCOKE ENERGY INC,Materials
RVLV,REVOLVE GROUP CLASS A INC,Consumer Discretionary
WGO,WINNEBAGO INDUSTRIES INC,Consumer Discretionary
TYRA,TYRA BIOSCIENCES INC,Health Care
EE,EXCELERATE ENERGY INC CLASS A,Energy
VRRM,VERRA MOBILITY CORP CLASS A,Industrials
CRVS,CORVUS PHARMACEUTICALS INC,Health Care
ASAN,ASANA INC CLASS A,Information Technology
KOP,KOPPERS HOLDINGS INC,Materials
CYRX,CRYOPORT INC,Health Care
PAX,PATRIA INVESTMENTS LTD CLASS A,Financials
FMNB,FARMERS NATIONAL BANC CORP,Financials
HYLN,HYLIION HOLDINGS CORP,Industrials
CBRL,CRACKER BARREL OLD COUNTRY STORE I,Consumer Discretionary
ESQ,ESQUIRE FINANCIAL HOLDINGS INC,Financials
NBBK,NB BANCORP INC,Financials
ADAM,ADAMAS INC TRUST,Financials
ODC,OIL DRI CORPORATION OF AMERICA,Consumer Staples
GO,GROCERY OUTLET HOLDING CORP,Consumer Staples
GNK,GENCO SHIPPING AND TRADING LTD,Industrials
BBUC,BROOKFIELD BUSINESS CORP CLASS A,Industrials
SVRA,SAVARA INC,Health Care
GOLD,GOLD INC,Consumer Discretionary
IRMD,IRADIMED CORP,Health Care
TALK,TALKSPACE INC,Health Care
ESPR,ESPERION THERAPEUTICS INC,Health Care
ANNX,ANNEXON INC,Health Care
CODI,COMPASS DIVERSIFIED,Financials
EQBK,EQUITY BANCSHARES INC CLASS A,Financials
HTB,HOMETRUST BANCSHARES INC,Financials
EGBN,EAGLE BANCORP INC,Financials
PGEN,PRECIGEN INC,Health Care
FOXF,FOX FACTORY HOLDING CORP,Consumer Discretionary
ATEX,ANTERIX INC,Communication
NTGR,NETGEAR INC,Information Technology
OMER,OMEROS CORP,Health Care
BRSP,BRIGHTSPIRE CAPITAL INC CLASS A,Financials
SATL,SATELLOGIC INC CLASS A,Industrials
ETON,ETON PHARMACEUTCIALS INC,Health Care
AVR,ANTERIS TECHNOLOGIES GLOBAL CORP,Health Care
KURA,KURA ONCOLOGY INC,Health Care
MMI,MARCUS & MILLICHAP INC,Real Estate
NB,NIOCORP DEVELOPMENTS LTD,Materials
MTUS,METALLUS INC,Materials
JBI,JANUS INTERNATIONAL GROUP INC,Industrials
CMRE,COSTAMARE INC,Industrials
ROOT,ROOT INC CLASS A,Financials
CRML,CRITICAL METALS CORP,Materials
SABR,SABRE CORP,Consumer Discretionary
FISI,FINANCIAL INSTITUTIONS INC,Financials
TR,TOOTSIE ROLL INDUSTRIES INC,Consumer Staples
BZH,BEAZER HOMES INC,Consumer Discretionary
PFBC,PREFERRED BANK,Financials
MCHB,MECHANICS BANCORP CLASS A,Financials
LXU,LSB INDUSTRIES INC,Materials
GDOT,GREEN DOT CORP CLASS A,Financials
IBCP,INDEPENDENT BANK CORP,Financials
ORRF,ORRSTOWN FINANCIAL SERVICES INC,Financials
BTBT,BIT DIGITAL INC,Information Technology
QNST,QUINSTREET INC,Communication
BLMN,BLOOMIN BRANDS INC,Consumer Discretionary
SENEA,SENECA FOODS CORP CLASS A,Consumer Staples
FBRT,FRANKLIN BSP REALTY TRUST INC,Financials
CXM,SPRINKLR INC CLASS A,Information Technology
FCBC,FIRST COMMUNITY BANKSHARES INC,Financials
MCBS,METROCITY BANKSHARES INC,Financials
HTLD,HEARTLAND EXPRESS INC,Industrials
CCSI,CONSENSUS CLOUD SOLUTIONS INC,Information Technology
SWBI,SMITH WESSON BRANDS INC,Consumer Discretionary
PGC,PEAPACK GLADSTONE FINANCIAL CORP,Financials
CDNL,CARDINAL INFRASTRUCTURE GROUP INC,Industrials
FSBC,FIVE STAR BANCORP,Financials
RBCAA,REPUBLIC BANCORP INC CLASS A,Financials
METC,RAMACO RESOURCES INC CLASS A,Materials
ABUS,ARBUTUS BIOPHARMA CORP,Health Care
RWT,REDWOOD TRUST REIT INC,Financials
RDVT,RED VIOLET INC,Information Technology
MAZE,MAZE THERAPEUTICS INC,Health Care
NPK,NATIONAL PRESTO INDUSTRIES INC,Industrials
SMBC,SOUTHERN MISSOURI BANCORP INC,Financials
FWRG,FIRST WATCH RESTAURANT GROUP INC,Consumer Discretionary
BKV,BKV CORP,Energy
HZO,MARINEMAX INC,Consumer Discretionary
LYTS,LSI INDUSTRIES INC,Industrials
DJCO,DAILY JOURNAL CORP,Information Technology
AMPH,AMPHASTAR PHARMACEUTICALS INC,Health Care
SION,SIONNA THERAPEUTICS INC,Health Care
HPP,HUDSON PACIFIC PROPERTIES REIT INC,Real Estate
GCMG,GCM GROSVENOR INC CLASS A,Financials
NUTX,NUTEX HEALTH INC,Health Care
CLB,CORE LABORATORIES INC,Energy
NXRT,NEXPOINT RESIDENTIAL TRUST INC,Real Estate
GERN,GERON CORP,Health Care
RZLV,REZOLVE AI PLC,Information Technology
BCAX,BICARA THERAPEUTICS INC,Health Care
ALRS,ALERUS FINANCIAL CORP,Financials
HNRG,HALLADOR ENERGY,Utilities
CVLG,COVENANT LOGISTICS GROUP INC CLASS,Industrials
PAR,PAR TECHNOLOGY CORP,Information Technology
AVO,MISSION PRODUCE INC,Consumer Staples
KE,KIMBALL ELECTRONICS INC,Information Technology
INN,SUMMIT HOTEL PROPERTIES REIT INC,Real Estate
ZVRA,ZEVRA THERAPEUTICS INC,Health Care
OXM,OXFORD INDUSTRIES INC,Consumer Discretionary
KODK,EASTMAN KODAK,Information Technology
SHBI,SHORE BANCSHARES INC,Financials
SEPN,SEPTERNA INC,Health Care
IVR,INVESCO MORTGAGE CAPITAL REIT INC,Financials
CRMD,CORMEDIX INC,Health Care
MPB,MID PENN BANCORP INC,Financials
REPL,REPLIMUNE GROUP INC,Health Care
CTO,CTO REALTY GROWTH INC,Real Estate
TK,TEEKAY CORPORATION CORP LTD,Energy
SERV,SERVE ROBOTICS INC,Consumer Discretionary
CCBG,CAPITAL CITY BANK INC,Financials
NVGS,NAVIGATOR HOLDINGS LTD,Energy
PAHC,PHIBRO ANIMAL HEALTH CORP CLASS A,Health Care
HSTM,HEALTHSTREAM INC,Health Care
TBPH,THERAVANCE BIOPHARMA INC,Health Care
PKE,PARK AEROSPACE CORP,Industrials
HTFL,HEARTFLOW INC,Health Care
HTZ,HERTZ GLOBAL HLDGS INC,Industrials
RES,RPC INC,Energy
JANX,JANUX THERAPEUTICS INC,Health Care
CARE,CARTER BANKSHARES INC,Financials
PHR,PHREESIA INC,Health Care
ACEL,ACCEL ENTERTAINMENT INC CLASS A,Consumer Discretionary
WASH,WASHINGTON TRUST BANCORP INC,Financials
CSTL,CASTLE BIOSCIENCES INC,Health Care
CNNE,CANNAE HOLDINGS INC,Financials
OMDA,OMADA HEALTH INC,Health Care
OSPN,ONESPAN INC,Information Technology
HELE,HELEN OF TROY LTD,Consumer Discretionary
GOOD,GLADSTONE COMMERCIAL REIT CORP,Real Estate
SMBK,SMARTFINANCIAL INC,Financials
SPIR,SPIRE GLOBAL INC CLASS A,Industrials
GSBC,GREAT SOUTHERN BANCORP INC,Financials
AROW,ARROW FINANCIAL CORP,Financials
JBIO,JADE BIOSCIENCES INC,Health Care
ORIC,ORIC PHARMACEUTICALS INC,Health Care
TRTX,TPG RE FINANCE TRUST INC,Financials
SLDP,SOLID POWER INC CLASS A,Consumer Discretionary
BETA,BETA TECHNOLOGIES INC CLASS A,Industrials
CASS,CASS INFORMATION SYSTEMS INC,Financials
ASIX,ADVANSIX INC,Materials
NAVI,NAVIENT CORP,Financials
RYAM,RAYONIER ADVANCED MATERIALS INC,Materials
CSV,CARRIAGE SERVICES INC,Consumer Discretionary
MOV,MOVADO GROUP INC,Consumer Discretionary
AMSF,AMERISAFE INC,Financials
EVC,ENTRAVISION COMMUNICATIONS CORP CL,Communication
BHB,BAR HARBOR BANKSHARES,Financials
MPLT,MAPLIGHT THERAPEUTICS INC,Health Care
RPD,RAPID7 INC,Information Technology
CTOS,CUSTOM TRUCK ONE SOURCE INC,Industrials
OPK,OPKO HEALTH INC,Health Care
PRAA,PRA GROUP INC,Financials
PSNL,PERSONALIS INC,Health Care
EVER,EVERQUOTE INC CLASS A,Communication
JBSS,JOHN B SANFILIPPO AND SON INC,Consumer Staples
CRNC,CERENCE INC,Information Technology
PSTL,POSTAL REALTY TRUST INC CLASS A,Real Estate
ASC,ARDMORE SHIPPING CORP,Energy
RUSHB,RUSH ENTERPRISES INC CLASS B,Industrials
DRUG,BRIGHT MINDS BIOSCIENCES INC,Health Care
EGY,VAALCO ENERGY INC,Energy
IDR,IDAHO STRATEGIC RESOURCES INC,Materials
CRSR,CORSAIR GAMING INC,Information Technology
TH,TARGET HOSPITALITY CORP,Consumer Discretionary
GDYN,GRID DYNAMICS HOLDINGS INC CLASS A,Information Technology
AMBP,ARDAGH METAL PACKAGING SA,Materials
IRWD,IRONWOOD PHARMA INC CLASS A,Health Care
ARKO,ARKO,Consumer Discretionary
SPRY,ARS PHARMACEUTICALS INC,Health Care
MLAB,MESA LABORATORIES INC,Health Care
MSBI,MIDLAND STATES BANCORP INC,Financials
SBGI,SINCLAIR INC CLASS A,Communication
CLFD,CLEARFIELD INC,Information Technology
AHRT,AH REALTY INC,Real Estate
FET,FORUM ENERGY TECHNOLOGIES INC,Energy
RGR,STURM RUGER INC,Consumer Discretionary
ONT,ONTERRIS INC,Industrials
KMTS,KESTRA MEDICAL TECHNOLOGIES LTD,Health Care
HRTG,HERITAGE INSURANCE HOLDINGS INC,Financials
FOR,FORESTAR GROUP INC,Real Estate
RIGL,RIGEL PHARMACEUTICALS INC,Health Care
HOV,HOVNANIAN ENTERPRISES INC CLASS A,Consumer Discretionary
DC,DAKOTA GOLD CORP,Materials
REPX,RILEY EXPLORATION PERMIAN INC,Energy
ALX,ALEXANDERS REIT INC,Real Estate
PFIS,PEOPLES FINANCIAL SERVICES CORP,Financials
LBRX,LB PHARMACEUTICALS INC,Health Care
RXT,RACKSPACE TECHNOLOGY INC,Information Technology
DDD,3D SYSTEMS CORP,Industrials
YSS,YORK SPACE SYSTEMS INC,Industrials
SANA,SANA BIOTECHNOLOGY INC,Health Care
ACNB,ACNB CORP,Financials
TCMD,TACTILE SYSTEMS TECHNOLOGY INC,Health Care
IHRT,IHEARTMEDIA INC CLASS A,Communication
CLBK,COLUMBIA FINANCIAL INC,Financials
CWBC,COMMUNITY WEST BANCSHARES,Financials
SIBN,SI BONE INC,Health Care
UHT,UNIVERSAL HEALTH REALTY INCOME TRU,Real Estate
VTS,VITESSE ENERGY INC,Energy
CARS,CARS.COM INC,Communication
NRIM,NORTHRIM BANCORP INC,Financials
CLDT,CHATHAM LODGING TRUST REIT,Real Estate
MRVI,MARAVAI LIFESCIENCES HOLDINGS INC,Health Care
BDN,BRANDYWINE REALTY TRUST REIT,Real Estate
UTZ,UTZ BRANDS INC CLASS A,Consumer Staples
CERS,CERUS CORP,Health Care
BIOA,BIOAGE LABS INC,Health Care
ORN,ORION GROUP INC,Industrials
MAMA,MAMAS CREATIONS INC,Consumer Staples
NFBK,NORTHFIELD BANCORP INC,Financials
GSM,FERROGLOBE PLC,Materials
RR,RICHTECH ROBOTICS INC CLASS B,Industrials
MLR,MILLER INDUSTRIES INC,Industrials
MBUU,MALIBU BOATS CLASS A INC,Consumer Discretionary
CPS,COOPER STANDARD HOLDINGS INC,Consumer Discretionary
SPFI,SOUTH PLAINS FINANCIAL INC,Financials
IIIN,INSTEEL INDUSTRIES INC,Industrials
BLZE,BACKBLAZE INC CLASS A,Information Technology
FIP,FTAI INFRASTRUCTURE INC,Industrials
EBF,ENNIS INC,Industrials
BSRR,SIERRA BANCORP,Financials
FLOC,FLOWCO HOLDINGS INC CLASS A,Energy
CTKB,CYTEK BIOSCIENCES INC,Health Care
TCBX,THIRD COAST BANCSHARES INC,Financials
ILPT,INDUSTRIAL LOGISTICS PROPERTIES TR,Real Estate
CIVB,CIVISTA BANCSHARES INC,Financials
AIOT,POWERFLEET INC,Information Technology
IIIV,I3 VERTICALS INC CLASS A,Information Technology
BBNX,BETA BIONICS INC,Health Care
SD,SANDRIDGE ENERGY INC,Energy
FEIM,FREQUENCY ELECTRONICS INC,Information Technology
NVEC,NVE CORP,Information Technology
RHLD,RESOLUTE HOLDINGS MANAGEMENT INC,Industrials
CAL,CALERES INC,Consumer Discretionary
ETD,ETHAN ALLEN INTERIORS INC,Consumer Discretionary
FFIC,FLUSHING FINANCIAL CORP,Financials
RPC,RIDGEPOST CAPITAL INC CLASS A,Financials
NXDR,NEXTDOOR HOLDINGS INC CLASS A,Communication
OIS,OIL STATES INTERNATIONAL INC,Energy
WLFC,WILLIS LEASE FINANCE CORP,Industrials
HIPO,HIPPO HOLDINGS INC,Financials
GRPN,GROUPON INC,Consumer Discretionary
PUBM,PUBMATIC INC CLASS A,Communication
CHCT,COMMUNITY HEALTHCARE TRUST INC,Real Estate
ARVN,ARVINAS INC,Health Care
CBLL,CERIBELL INC,Health Care
YEXT,YEXT INC,Information Technology
MCS,THE MARCUS CORP,Communication
TITN,TITAN MACHINERY INC,Industrials
RRBI,RED RIVER BANCSHARES INC,Financials
EVH,EVOLENT HEALTH INC CLASS A,Health Care
HIFS,HINGHAM INSTITUTION FOR SAVINGS,Financials
AEBI,AEBI SCHMIDT HOLDING AG,Industrials
FBIZ,FIRST BUSINESS FINANCIAL SERVICES,Financials
DFH,DREAM FINDERS HOMES INC CLASS A,Consumer Discretionary
HBCP,HOME BANCORP INC,Financials
ATLC,ATLANTICUS HOLDINGS CORP,Financials
MNRO,MONRO INC,Consumer Discretionary
TDUP,THREDUP INC CLASS A,Consumer Discretionary
XRN,CHIRON REAL ESTATE INC,Real Estate
BOW,BOWHEAD SPECIALTY HOLDINGS INC,Financials
SPT,SPROUT SOCIAL INC CLASS A,Information Technology
CWCO,CONSOLIDATED WATER LTD,Utilities
TREE,LENDINGTREE INC,Financials
OOMA,OOMA INC,Information Technology
CWH,CAMPING WORLD HOLDINGS INC CLASS A,Consumer Discretionary
SFST,SOUTHERN FIRST BANCSHARES INC,Financials
EBS,EMERGENT BIOSOLUTIONS INC,Health Care
LXFR,LUXFER HOLDINGS PLC,Industrials
BWMN,BOWMAN CONSULTING GROUP LTD,Industrials
KRNY,KEARNY FINANCIAL CORP,Financials
ALIT,ALIGHT INC CLASS A,Industrials
MGTX,MEIRAGTX HOLDINGS PLC,Health Care
DIN,DINE BRANDS GLOBAL INC,Consumer Discretionary
CMCO,COLUMBUS MCKINNON CORP,Industrials
BBW,BUILD A BEAR WORKSHOP INC,Consumer Discretionary
COFS,CHOICEONE FINANCIAL SERVICES INC,Financials
BBBY,BED BATH AND BEYOND INC,Consumer Discretionary
ABAT,AMERICAN BATTERY TECHNOLOGY COMPAN,Materials
PACB,PACIFIC BIOSCIENCES OF CALIFORNIA,Health Care
NVRI WI,ENVIRI CORP WHEN ISSUED,Other
PLSE,PULSE BIOSCIENCES INC,Health Care
IMXI,INTERNATIONAL MONEY EXPRESS INC,Financials
FDMT,4D MOLECULAR THERAPEUTICS INC,Health Care
TIPT,TIPTREE INC,Financials
AGNT,EXP WORLD HOLDINGS INC,Real Estate
GIC,GLOBAL INDUSTRIAL,Industrials
MATV,MATIV HOLDINGS INC,Materials
ZBIO,ZENAS BIOPHARMA INC,Health Care
GEVO,GEVO INC,Energy
HY,HYSTER YALE INC CLASS A,Industrials
PHAT,PHATHOM PHARMACEUTICALS INC,Health Care
WLTH,WEALTHFRONT CORP,Financials
MDXG,MIMEDX GROUP INC,Health Care
NPCE,NEUROPACE INC,Health Care
PRTA,PROTHENA PLC,Health Care
WEAV,WEAVE COMMUNICATIONS INC,Information Technology
SRTA,STRATA CRITICAL MEDICAL INC CLASS,Health Care
GLRE,GREENLIGHT CAPITAL LTD CLASS A,Financials
HSHP,HIMALAYA SHIPPING LTD,Industrials
VREX,VAREX IMAGING CORP,Health Care
BCAL,CALIFORNIA BANCORP,Financials
OLP,ONE LIBERTY PROPERTIES REIT INC,Real Estate
FSTR,LB FOSTER,Industrials
SLDB,SOLID BIOSCIENCES INC,Health Care
OBT,ORANGE COUNTY BANCORP INC,Financials
ERII,ENERGY RECOVERY INC,Industrials
VLGEA,VILLAGE SUPER MARKET INC CLASS A,Consumer Staples
LOCO,EL POLLO LOCO INC,Consumer Discretionary
RBB,RBB BANCORP,Financials
ASPN,ASPEN AEROGELS INC,Materials
FPI,FARMLAND PARTNERS INC,Real Estate
XOMA,XOMA ROYALTY CORP,Health Care
IPI,INTREPID POTASH INC,Materials
CCRN,CROSS COUNTRY HEALTHCARE INC,Health Care
CTGO,CONTANGO SILVER AND GOLD INC,Materials
NMAX,NEWSMAX INC CLASS B,Communication
WRLD,WORLD ACCEPTANCE CORP,Financials
UNTY,UNITY BANCORP INC,Financials
MEC,MAYVILLE ENGINEERING COMPANY INC,Industrials
GRND,GRINDR INC,Communication
ANGO,ANGIODYNAMICS INC,Health Care
AQST,AQUESTIVE THERAPEUTICS INC,Health Care
BATRA,ATLANTA BRAVES HOLDINGS INC SERIES,Communication
SFIX,STITCH FIX INC CLASS A,Consumer Discretionary
MTW,MANITOWOC INC,Industrials
MCFT,MASTERCRAFT BOAT HOLDINGS INC,Consumer Discretionary
IBTA,IBOTTA INC CLASS A,Communication
WTI,W AND T OFFSHORE INC,Energy
ACRS,ACLARIS THERAPEUTICS INC,Health Care
AKTS,AKTIS ONCOLOGY INC,Health Care
MEI,METHODE ELECTRONICS INC,Information Technology
TRC,TEJON RANCH,Real Estate
CBAN,COLONY BANKCORP INC,Financials
BFS,SAUL CENTERS REIT INC,Real Estate
BWB,BRIDGEWATER BANCSHARES INC,Financials
OEC,ORION SA,Materials
NGS,NATURAL GAS SERVICES GROUP INC,Energy
DNA,GINKGO BIOWORKS HOLDINGS INC CLASS,Health Care
ALT,ALTIMMUNE INC,Health Care
XRX,XEROX HOLDINGS CORP,Information Technology
YORW,YORK WATER,Utilities
MYGN,MYRIAD GENETICS INC,Health Care
TTAM,TITAN AMERICA SA,Materials
BXC,BLUELINX HOLDINGS INC,Industrials
JCAP,JEFFERSON CAPITAL INC,Financials
BELFA,BEL FUSE INC CLASS A,Information Technology
CADL,CANDEL THERAPEUTICS INC,Health Care
FULC,FULCRUM THERAPEUTICS INC,Health Care
TOI,ONCOLOGY INSTITUTE INC,Health Care
FLGT,FULGENT GENETICS INC,Health Care
FMAO,FARMERS AND MERCHANTS BANCORP INC,Financials
WTBA,WEST BANCORPORATION INC,Financials
CENT,CENTRAL GARDEN AND PET,Consumer Staples
MH,MCGRAW HILL INC,Consumer Discretionary
CBNK,CAPITAL BANCORP INC,Financials
GEFB,GREIF INC CLASS B,Materials
BVS,BIOVENTUS CLASS A INC,Health Care
CLMB,CLIMB GLOBAL SOLUTIONS INC,Information Technology
GCO,GENESCO INC,Consumer Discretionary
NGVC,NATURAL GROCERS BY VITAMIN COTTAGE,Consumer Staples
BWFG,BANKWELL FINANCIAL GROUP INC,Financials
CMCL,CALEDONIA MINING PLC,Materials
MAGN,MAGNERA CORP,Materials
KELYA,KELLY SERVICES INC CLASS A,Industrials
OFIX,ORTHOFIX MEDICAL INC,Health Care
BMRC,BANK OF MARIN BANCORP,Financials
KREF,KKR REAL ESTATE FINANCE INC TRUST,Financials
HBT,HBT FINANCIAL INC,Financials
TSSI,TSS INC,Information Technology
AVAH,AVEANNA HEALTHCARE HOLDINGS INC,Health Care
NEWT,NEWTEKONE INC,Financials
PDLB,PONCE FINANCIAL GROUP INC,Financials
EOLS,EVOLUS INC,Health Care
ABX,ABACUS GLOBAL MANAGEMENT INC CLASS,Financials
XPER,XPERI INC,Information Technology
MTRX,MATRIX SERVICE,Industrials
GTN,GRAY MEDIA INC,Communication
FVR,FRONTVIEW REIT INC,Real Estate
WYFI,WHITEFIBER INC,Information Technology
TWI,TITAN INTERNATIONAL INC,Industrials
NRDS,NERDWALLET INC CLASS A,Financials
KRUS,KURA SUSHI USA INC,Consumer Discretionary
ISTR,INVESTAR HOLDING CORP,Financials
CYH,COMMUNITY HEALTH SYSTEMS INC,Health Care
VNDA,VANDA PHARMACEUTICALS INC,Health Care
ACCO,ACCO BRANDS CORP,Industrials
BCML,BAYCOM CORP,Financials
PLAY,DAVE AND BUSTERS ENTERTAINMENT INC,Consumer Discretionary
SB,SAFE BULKERS INC,Industrials
VITL,VITAL FARMS INC,Consumer Staples
PRME,PRIME MEDICINE INC,Health Care
NPB,NORTHPOINTE BANCSHARES INC,Financials
CLNE,CLEAN ENERGY FUELS CORP,Energy
CLPT,CLEARPOINT NEURO INC,Health Care
FRBA,FIRST BANK,Financials
PSIX,POWER SOLUTIONS INTERNATIONAL INC,Industrials
SVV,SAVERS VALUE VILLAGE INC,Consumer Discretionary
ADCT,ADC THERAPEUTICS SA,Health Care
PKBK,PARKE BANCORP INC,Financials
ENTA,ENANTA PHARMACEUTICALS INC,Health Care
NATR,NATURES SUNSHINE PRODUCTS INC,Consumer Staples
RM,REGIONAL MANAGEMENT CORP,Financials
ALMU,AELUMA INC,Information Technology
BLND,BLEND LABS INC CLASS A,Information Technology
ITIC,INVESTORS TITLE,Financials
ULCC,FRONTIER GROUP HOLDINGS INC,Industrials
SSTK,SHUTTERSTOCK INC,Communication
LTBR,LIGHTBRIDGE CORP,Energy
UIS,UNISYS CORP,Information Technology
GOGO,GOGO INC,Communication
FNLC,FIRST BANCORP INC,Financials
ARHS,ARHAUS INC CLASS A,Consumer Discretionary
RGNX,REGENXBIO INC,Health Care
AMCX,AMC GLOBAL MEDIA INC CLASS A,Communication
RMR,RMR GROUP INC CLASS A,Real Estate
RNGR,RANGER ENERGY SERVICES INC CLASS A,Energy
ALLO,ALLOGENE THERAPEUTICS INC,Health Care
EDIT,EDITAS MEDICINE INC,Health Care
TRAX,FIRST TRACKS BIOTHERAPEUTICS INC,Health Care
CZNC,CITIZENS AND NORTHERN CORP,Financials
LAB,STANDARD BIOTOOLS INC,Health Care
IBEX,IBEX LTD,Industrials
FUBO,FUBOTV INC CLASS A,Communication
SCVL,SHOE CARNIVAL INC,Consumer Discretionary
FRST,PRIMIS FINANCIAL CORP,Financials
STRT,STRATTEC SECURITY CORP,Consumer Discretionary
KROS,KEROS THERAPEUTICS INC,Health Care
EVEX,EVE HOLDING INC,Industrials
HNST,THE HONEST COMPANY INC,Consumer Staples
LAND,GLADSTONE LAND REIT CORP,Real Estate
DCTH,DELCATH SYS INC,Health Care
NECB,NORTHEAST COMMUNITY BANCORP INC,Financials
VOXR,VOX ROYALTY CORP,Materials
TSBK,TIMBERLAND BANCORP INC,Financials
PACK,RANPAK HOLDINGS CORP CLASS A,Materials
EVGO,EVGO INC CLASS A,Consumer Discretionary
VMD,VIEMED HEALTHCARE INC,Health Care
BYND,BEYOND MEAT INC,Consumer Staples
CD,CHAINCE DIGITAL HOLDINGS INC,Financials
PLBC,PLUMAS BANCORP,Financials
LXEO,LEXEO THERAPEUTICS INC,Health Care
TECX,TECTONIC THERAPEUTIC INC,Health Care
MAX,MEDIAALPHA INC CLASS A,Communication
EGHT,8X8 INC,Information Technology
AURA,AURA BIOSCIENCES INC,Health Care
STRZ,STARZ ENTERTAINMENT CORP,Communication
PBYI,PUMA BIOTECHNOLOGY INC,Health Care
MVBF,MVB FINANCIAL CORP,Financials
WNC,WABASH NATIONAL CORP,Industrials
BGS,B AND G FOODS INC,Consumer Staples
NGNE,NEUROGENE INC,Health Care
ZUMZ,ZUMIEZ INC,Consumer Discretionary
PKOH,PARK OHIO HOLDINGS CORP,Industrials
CZFS,CITIZENS FINANCIAL SERVICES INC,Financials
INV,INNVENTURE INC,Financials
AVIR,ATEA PHARMACEUTICALS INC,Health Care
HVT,HAVERTY FURNITURE COMPANIES INC,Consumer Discretionary
NABL,N ABLE INC,Information Technology
OPTU,OPTIMUM COMMUNICATIONS INC CLASS A,Communication
EU,ENCORE ENERGY CORP,Energy
WEST,WESTROCK COFFEE,Consumer Staples
RBBN,RIBBON COMMUNICATIONS INC,Information Technology
FSBW,FS BANCORP INC,Financials
PCB,PCB BANCORP,Financials
DGICA,DONEGAL GROUP INC CLASS A,Financials
MPTI,M TRON INDUSTRIES INC,Information Technology
NWFL,NORWOOD FINANCIAL CORP,Financials
FATE,FATE THERAPEUTICS INC,Health Care
SLP,SIMULATIONS PLUS INC,Health Care
OLPX,OLAPLEX HOLDINGS INC,Consumer Staples
VUZI,VUZIX CORP,Information Technology
ATOM,ATOMERA INC,Information Technology
MVST,MICROVAST HOLDINGS INC,Industrials
OSUR,ORASURE TECHNOLOGIES INC,Health Care
ACIC,AMERICAN COASTAL INSURANCE CORP,Financials
HCKT,HACKETT GROUP INC,Information Technology
FTK,FLOTEK INDUSTRIES INC,Materials
GNE,GENIE ENERGY LTD CLASS B,Utilities
RPAY,REPAY HOLDINGS CORP CLASS A,Financials
PAYS,PAYSIGN INC,Financials
NUS,NU SKIN ENTERPRISES INC CLASS A,Consumer Staples
MNPR,MONOPAR THERAPEUTICS INC,Health Care
TLS,TELOS CORPORATION CORP,Information Technology
CMPX,COMPASS THERAPEUTICS,Health Care
ELDN,ELEDON PHARMACEUTICALS INC,Health Care
RLGT,RADIANT LOGISTIC INC,Industrials
VSTM,VERASTEM INC,Health Care
PTLO,PORTILLO S INC CLASS A,Consumer Discretionary
BOC,BOSTON OMAHA CORP CLASS A,Communication
WSBF,WATERSTONE FINANCIAL INC,Financials
ATNI,ATN INTERNATIONAL INC,Communication
CNDT,CONDUENT INC,Industrials
KIDS,ORTHOPEDIATRICS CORP,Health Care
DBI,DESIGNER BRANDS INC CLASS A,Consumer Discretionary
NEXN,NEXXEN INTERNATIONAL LTD,Communication
SITC,SITE CENTERS CORP,Real Estate
RCKY,ROCKY BRANDS INC,Consumer Discretionary
PSFE,PAYSAFE LTD,Financials
GRNT,GRANITE RIDGE RESOURCES INC,Energy
NATH,NATHANS FAMOUS INC,Consumer Discretionary
DSGR,DISTRIBUTION SOLUTIONS GROUP INC,Industrials
OABI,OMNIAB INC,Health Care
DNUT,KRISPY KREME INC,Consumer Discretionary
CHMG,CHEMUNG FINANCIAL CORP,Financials
CDZI,CADIZ INC,Utilities
FENC,FENNEC PHARMACEUTICALS INC,Health Care
ACRE,ARES COMMERCIAL REAL ESTATE REIT C,Financials
PDYN,PALLADYNE AI CORP,Industrials
ATLO,AMES NATIONAL CORP,Financials
MBI,MBIA INC,Financials
UPB,UPSTREAM BIO INC,Health Care
GBFH,GBANK FINL HLDGS INC,Financials
SWIM,LATHAM GROUP INC,Consumer Discretionary
CABO,CABLE ONE INC,Communication
WOOF,PETCO HEALTH AND WELLNESS COMPANY,Consumer Discretionary
DMRC,DIGIMARC,Information Technology
RZLT,REZOLUTE INC,Health Care
ABEO,ABEONA THERAPEUTICS INC,Health Care
LILA,LIBERTY LATIN AMERICA LTD CLASS A,Communication
FRPH,FRP HOLDINGS INC,Real Estate
CTEV,CLARITEV CORP CLASS A,Health Care
JOUT,JOHNSON OUTDOORS INC CLASS A,Consumer Discretionary
AVXL,ANAVEX LIFE SCIENCES CORP,Health Care
AKBA,AKEBIA THERAPEUTICS INC,Health Care
JMSB,JOHN MARSHALL BANCORP INC,Financials
DSGN,DESIGN THERAPEUTICS INC,Health Care
SMC,SUMMIT MIDSTREAM CORP,Energy
REAX,REAL BROKERAGE INC,Real Estate
RCKT,ROCKET PHARMACEUTICALS INC,Health Care
TBRG,TRUBRIDGE INC,Health Care
ZIP,ZIPRECRUITER INC CLASS A,Communication
CLW,CLEARWATER PAPER CORP,Materials
RC,READY CAPITAL CORP,Financials
FVCB,FVCBANKCORP INC,Financials
CIA,CITIZENS INC CLASS A,Financials
ONIT,ONITY GROUP INC,Financials
ELMD,ELECTROMED INC,Health Care
MASS,908 DEVICES INC,Information Technology
PINE,ALPINE INCOME PROPERTY TRUST INC,Real Estate
MYFW,FIRST WESTERN FINANCIAL INC,Financials
NRC,NRC HEALTH,Health Care
HUMA,HUMACYTE INC,Health Care
CDXS,CODEXIS INC,Health Care
NCMI,NATIONAL CINEMEDIA INC,Communication
BKTI,BK TECHNOLOGIES CORP,Information Technology
ANGI,ANGI INC CLASS A,Communication
JACK,JACK IN THE BOX INC,Consumer Discretionary
FC,FRANKLIN COVEY,Industrials
MITT,TPG MORTGAGE INVESTMENT TRUST INC,Financials
MGPI,MGP INGREDIENTS INC,Consumer Staples
WBTN,WEBTOON ENTERTAINMENT INC,Communication
FNKO,FUNKO INC CLASS A,Consumer Discretionary
EVMN,EVOMMUNE INC,Health Care
KRT,KARAT PACKAGING INC,Industrials
BMBL,BUMBLE INC CLASS A,Communication
PANL,PANGAEA LOGISTICS SOLUTIONS LTD,Industrials
FRAF,FRANKLIN FINANCIAL SERVICES CORP,Financials
LPRO,OPEN LENDING CORP,Financials
CMRC,BIGCOMMERCE HOLDINGS INC SERIES,Information Technology
OPFI,OPPFI INC CLASS A,Financials
TARA,PROTARA THERAPEUTICS INC,Health Care
FDBC,FIDELITY D AND D BANCORP INC,Financials
SSP,EW SCRIPPS CLASS A,Communication
FBYD,FALCON S BEYOND GLOBAL INC CLASS A,Industrials
ASUR,ASURE SOFTWARE INC,Industrials
VTEX,VTEX CLASS A,Information Technology
TBCH,TURTLE BEACH CORP,Information Technology
ASLE,AERSALE CORP,Industrials
FWRD,FORWARD AIR CORP,Industrials
OVLY,OAK VALLEY BANCORP,Financials
FUNC,FIRST UNITED CORP,Financials
ARDT,ARDENT HEALTH INC,Health Care
CATX,PERSPECTIVE THERAPEUTICS INC,Health Care
CMTG,CLAROS MORTGAGE TRUST INC,Financials
CRCT,CRICUT INC CLASS A,Consumer Discretionary
ALCO,ALICO INC,Consumer Staples
RMNI,RIMINI STREET INC,Information Technology
QUAD,QUAD GRAPHICS INC CLASS A,Industrials
OPRT,OPORTUN FINANCIAL CORP,Financials
LCNB,LCNB CORP,Financials
ACH,ACCENDRA HEALTH INC,Health Care
LILPV,LIBERTY LATIN AMERICA FIXED RATE,Communication
FLXS,FLEXSTEEL INDUSTRIES INC,Consumer Discretionary
NKSH,NATIONAL BANKSHARES INC,Financials
AVNW,AVIAT NETWORKS INC,Information Technology
CTRN,CITI TRENDS INC,Consumer Discretionary
IMMR,IMMERSION CORP,Information Technology
POWW,OUTDOOR HOLDING,Consumer Discretionary
BSVN,BANK7 CORP,Financials
WNEB,WESTERN NEW ENGLAND BANCORP INC,Financials
USAU,US GOLD CORP,Materials
FBLA,FB BANCORP INC,Financials
ARCT,ARCTURUS THERAPEUTICS HOLDINGS INC,Health Care
OSG,OCTAVE SPECIALTY GROUP INC,Financials
USNA,USANA HEALTH SCIENCES INC,Consumer Staples
CFFI,C AND F FINANCIAL CORP,Financials
PLTK,PLAYTIKA HOLDING CORP,Communication
MG,MISTRAS GROUP INC,Industrials
INR,INFINITY NATURAL RESOURCES INC CLA,Energy
REFI,CHICAGO ATLANTIC REAL ESTATE FINAN,Financials
LOVE,LOVESAC COMPANY,Consumer Discretionary
DSP,VIANT TECHNOLOGY INC CLASS A,Information Technology
PCYO,PURE CYCLE CORP,Utilities
KWY,KINGSWAY CORP,Financials
BRBS,BLUE RIDGE BANKSHARES INC,Financials
CRDA,CRAWFORD CLASS A,Financials
TBI,TRUEBLUE INC,Industrials
LMNR,LIMONEIRA,Consumer Staples
HLLY,HOLLEY INC,Consumer Discretionary
VABK,VIRGINIA NATIONAL BANKSHARES CORP,Financials
HDSN,HUDSON TECHNOLOGIES INC,Industrials
NXDT,NEXPOINT DIVERSIFIED REAL ESTATE T,Real Estate
RICK,RCI HOSPITALITY HOLDINGS INC,Consumer Discretionary
INSE,INSPIRED ENTERTAINMENT INC,Consumer Discretionary
RELL,RICHARDSON ELECTRONICS LTD,Information Technology
QSI,QUANTUM SI INC CLASS A,Health Care
WEYS,WEYCO GROUP INC,Consumer Discretionary
RSVR,RESERVOIR MEDIA INC,Communication
RXST,RXSIGHT INC,Health Care
JAKK,JAKKS PACIFIC INC,Consumer Discretionary
TG,TREDEGAR CORP,Materials
SEVN,SEVEN HILLS REALTY TRUST,Financials
BH,BIGLARI HOLDINGS INCINARY CLASS B,Consumer Discretionary
BPRN,PRINCETON BANCORP INC,Financials
SPOK,SPOK HOLDINGS INC,Communication
EMBC,EMBECTA CORP,Health Care
ACDC,PROFRAC HOLDING CLASS A CORP,Energy
PEBK,PEOPLES BANCORP OF NORTH CAROLINA,Financials
BNTC,BENITEC BIOPHARMA INC,Health Care
COSO,COASTALSOUTH BANCSHARES INC,Financials
TRDA,ENTRADA THERAPEUTICS INC,Health Care
DMAC,DIAMEDICA THERAPEUTICS INC,Health Care
VEL,VELOCITY FINANCIAL INC,Financials
NLOP,NET LEASE OFFICE PROPERTIES,Real Estate
KULR,KULR TECHNOLOGY GROUP INC,Industrials
NAGE,NIAGEN BIOSCIENCE INC,Consumer Staples
AII,AMERICAN INTEGRITY INSURANCE GROUP,Financials
AIRO,AIRO GROUP HOLDINGS INC,Industrials
USCB,USCB FINANCIAL HOLDINGS INC CLASS,Financials
GCBC,GREENE COUNTY BANCORP INC,Financials
CMT,CORE MOLDING TECHNOLOGIES INC,Materials
LMRI,LUMEXA IMAGING HOLDINGS INC,Health Care
PRTH,PRIORITY TECHNOLOGY HOLDINGS INC,Financials
BKKT,BAKKT INC CLASS A,Financials
INSG,INSEEGO CORP,Information Technology
SGHT,SIGHT SCIENCES INC,Health Care
INBK,FIRST INTERNET BANCORP,Financials
VIA,VIA TRANSPORTATION INC CLASS A,Information Technology
NC,NACCO INDUSTRIES INC CLASS A,Energy
MFIN,MEDALLION FINANCIAL CORP,Financials
GLSI,GREENWICH LIFESCIENCES INC,Health Care
PBFS,PIONEER BANCORP INC,Financials
ESOA,ENERGY SERVICES OF AMERICA CORP,Energy
FXNC,FIRST NATIONAL CORP,Financials
LFMD,LIFEMD INC,Health Care
BETR,BETTER HOME FINANCE HOLDING CLASS,Financials
SKYH,SKY HARBOUR GROUP CORP CLASS A,Industrials
ALEC,ALECTOR INC,Health Care
STRS,STRATUS PROPERTIES INC,Real Estate
RMAX,RE MAX HOLDINGS INC CLASS A,Real Estate
FCAP,FIRST CAPITAL INC,Financials
FCCO,FIRST COMMUNITY CORP,Financials
ANIK,ANIKA THERAPEUTICS INC,Health Care
MVIS,MICROVISION INC,Information Technology
BCBP,BCB BANCORP INC,Financials
SIGA,SIGA TECHNOLOGIES INC,Health Care
VYGR,VOYAGER THERAPEUTICS INC,Health Care
III,INFORMATION SERVICES GROUP INC,Information Technology
KINS,KINGSTONE COMPANIES INC,Financials
CXDO,CREXENDO INC,Information Technology
LZM,LIFEZONE METALS LTD,Materials
LEGH,LEGACY HOUSING,Consumer Discretionary
BNED,BARNES AND NOBLE EDUCATION INC,Consumer Discretionary
ESCA,ESCALADE INC,Consumer Discretionary
BBCP,CONCRETE PUMPING HOLDINGS INC,Industrials
SNDA,SONIDA SENIOR LIVING INC,Health Care
BZAI,BLAIZE HOLDINGS INC,Information Technology
JELD,JELD WEN HOLDING INC,Industrials
HPK,HIGHPEAK ENERGY INC,Energy
TMCI,TREACE MEDICAL CONCEPTS INC,Health Care
PESI,PERMA FIX ENVIRONMENTAL SERVICES I,Industrials
CBK,COMMERCIAL BANCGROUP INC,Financials
SEG,SEAPORT ENTERTAINMENT GROUP INC,Real Estate
KGEI,KOLIBRI GLOBAL ENERGY INC,Energy
KRMD,KORU MEDICAL SYSTEMS INC,Health Care
IKT,INHIBIKASE THERAPEUTICS INC,Health Care
ASIC,ATEGRITY SPECIALTY INSURANCE COMPA,Financials
LRMR,LARIMAR THERAPEUTICS INC,Health Care
CV,CAPSOVISION INC,Health Care
OVBC,OHIO VALLEY BANC CORP,Financials
SMHI,SEACOR MARINE HOLDINGS INC,Energy
MRBK,MERIDIAN CORP,Financials
RGCO,RGC RESOURCES INC,Utilities
TNXP,TONIX PHARMACEUTICALS HOLDING CORP,Health Care
BRT,BRT APARTMENTS CORP,Real Estate
ORGO,ORGANOGENESIS HOLDINGS INC CLASS A,Health Care
HWBK,HAWTHORN BANCSHARES INC,Financials
UTMD,UTAH MEDICAL PRODUCTS INC,Health Care
OPBK,OP BANCORP,Financials
EVCM,EVERCOMMERCE INC,Information Technology
CHRS,COHERUS ONCOLOGY INC,Health Care
CZWI,CITIZENS COMMUNITY BANCORP INC,Financials
AIRJ,AIRJOULE TECHNOLOGIES CORP CLASS A,Industrials
ACTG,ACACIA RESEARCH CORP,Financials
DOMO,DOMO INC CLASS B,Information Technology
PXED,PHOENIX EDUCATION PARTNERS INC,Consumer Discretionary
KRO,KRONOS WORLDWIDE INC,Materials
XPOF,XPONENTIAL FITNESS INC CLASS A,Consumer Discretionary
RNA,ATRIUM THERAPEUTICS INC,Health Care
SLQT,SELECTQUOTE INC,Financials
JRVR,JAMES RIVER GROUP HOLDINGS INC,Financials
NKTX,NKARTA INC,Health Care
PDEX,PRO DEX INC,Health Care
RGP,RESOURCES CONNECTION INC,Industrials
ELA,ENVELA CORP,Consumer Discretionary
SGC,SUPERIOR GROUP OF COMPANIES INC,Consumer Discretionary
QTRX,QUANTERIX CORP,Health Care
HBB,HAMILTON BEACH BRANDS HOLDING COMP,Consumer Discretionary
MDV,MODIV INDUSTRIAL INC CLASS C,Real Estate
BHR,BRAEMAR HOTELS RESORTS INC,Real Estate
LENZ,LENZ THERAPEUTICS INC,Health Care
EFSI,EAGLE FINANCIAL SERVICES INC,Financials
CURI,CURIOSITYSTREAM INC CLASS A,Communication
INGN,INOGEN INC,Health Care
CMDB,COSTAMARE BULKERS HOLDINGS LTD,Industrials
TTGT,TECHTARGET INC,Communication
ADV,ADVANTAGE SOLUTIONS INC CLASS A,Communication
MED,MEDIFAST INC,Consumer Staples
NREF,NEXPOINT REAL ESTATE FINANCE INC,Financials
NVCT,NUVECTIS PHARMA INC,Health Care
INNV,INNOVAGE HOLDING CORP,Health Care
FRD,FRIEDMAN INDUSTRIES INC,Materials
PLX,PROTALIX BIOTHERAPEUTICS INC,Health Care
THRY,THRYV HOLDINGS INC,Information Technology
SNFCA,SECURITY NATIONAL FINANCIAL CORP C,Financials
MPAA,MOTORCAR PARTS OF AMERICA INC,Consumer Discretionary
BVFL,BV FINANCIAL INC,Financials
BRCC,BRC INC CLASS A,Consumer Staples
MNSB,MAINSTREET BANCSHARES INC,Financials
DOUG,DOUGLAS ELLIMAN INC,Real Estate
ALTI,ALTI GLOBAL INC CLASS A,Financials
PAL,PROFICIENT AUTO LOGISTICS INC,Industrials
BOOM,DMC GLOBAL INC,Energy
BRCB,BLACK ROCK COFFEE BAR INC CLASS A,Consumer Discretionary
NNOX,NANO X IMAGING LTD,Health Care
KLC,KINDERCARE LEARNING COMPANIES INC,Consumer Discretionary
EBMT,EAGLE BANCORP MONTANA INC,Financials
LFCR,LIFECORE BIOMEDICAL INC,Health Care
ALTG,ALTA EQUIPMENT GROUP INC CLASS A,Industrials
HRTX,HERON THERAPEUTICS INC,Health Care
SI,SHOULDER INNOVATIONS INC,Health Care
KLTR,KALTURA INC,Information Technology
EGAN,EGAIN CORP,Information Technology
FHTX,FOGHORN THERAPEUTICS INC,Health Care
GENC,GENCOR INDUSTRIES INC,Industrials
PMTS,CPI CARD GROUP INC,Information Technology
CBFV,CB FINANCIAL SERVICES INC,Financials
LDI,LOANDEPOT INC CLASS A,Financials
CFBK,CF BANKSHARES INC,Financials
MXCT,MAXCYTE INC,Health Care
BALY,BALLY S CORP,Consumer Discretionary
ACU,ACME UNITED CORP,Health Care
LWAY,LIFEWAY FOODS INC,Consumer Staples
MDWD,MEDIWOUND LTD,Health Care
ACR,ACRES COMMERCIAL REALTY CORP,Financials
MLP,MAUI LAND AND PINEAPPLE INC,Real Estate
EPM,EVOLUTION PETROLEUM CORP,Energy
ONEW,ONEWATER MARINE CLASS A INC,Consumer Discretionary
TRAK,REPOSITRAK INC,Information Technology
SRBK,SR BANCORP INC,Financials
LAW,CS DISCO INC,Information Technology
SAMG,SILVERCREST ASSET MANAGEMENT GROUP,Financials
MNTK,MONTAUK RENEWABLES INC,Utilities
SNWV,SANUWAVE HEALTH INC,Health Care
FINW,FINWISE BANCORP,Financials
STXS,STEREOTAXIS INC,Health Care
BYRN,BYRNA TECHNOLOGIES INC,Industrials
NODK,NI HOLDINGS INC,Financials
EML,EASTERN,Industrials
AOUT,AMERICAN OUTDOOR BRANDS INC,Consumer Discretionary
XZO,EXZEO GROUP INC,Financials
EVI,EVI INDUSTRIES INC,Industrials
RCMT,RCM TECHNOLOGIES INC,Industrials
LE,LAND END INC,Consumer Discretionary
FF,FUTUREFUEL CORP,Energy
ULH,UNIVERSAL LOGISTICS HOLDINGS INC,Industrials
DERM,JOURNEY MEDICAL CORP,Health Care
AOMR,ANGEL OAK MORTGAGE REIT INC,Financials
FLWS,1-800 FLOWERS.COM INC CLASS A,Consumer Discretionary
BSET,BASSETT FURNITURE INDUSTRIES INC,Consumer Discretionary
LARK,LANDMARK BANCORP INC,Financials
FOA,FINANCE OF AMERICA COMPANIES INC C,Financials
SBFG,SB FINANCIAL GROUP INC,Financials
TCX,TUCOWS INC,Information Technology
EPSN,EPSILON ENERGY LTD,Energy
NFE,NEW FORTRESS ENERGY INC CLASS A,Energy
SKYX,SKYX PLATFORMS CORP,Industrials
SMID,SMITH MIDLAND CORP,Materials
STRW,STRAWBERRY FIELDS REIT INC,Real Estate
HURA,TUHURA BIOSCIENCES INC,Health Care
PNRG,PRIMEENERGY RESOURCES CORP,Energy
TLSI,TRISALUS LF SC CM A,Health Care
JILL,J JILL INC,Consumer Discretionary
HCAT,HEALTH CATALYST INC,Health Care
LFVN,LIFEVANTAGE CORP,Consumer Staples
SVCO,SILVACO GROUP INC,Information Technology
JYNT,JOINT CORP,Health Care
SUNS,SUNRISE REALTY TRUST INC,Financials
ALDX,ALDEYRA THERAPEUTICS INC,Health Care
ACNT,ASCENT INDUSTRIES,Materials
LUCD,LUCID DIAGNOSTICS INC,Health Care
CRDF,CARDIFF ONCOLOGY INC,Health Care
ARQ,ARQ INC,Materials
OFLX,OMEGA FLEX INC,Industrials
CPSS,CONSUMER PORTFOLIO SERVICES INC,Financials
CARL,CARLSMED INC,Health Care
OPRX,OPTIMIZERX CORP,Health Care
CVRX,CVRX INC,Health Care
FORR,FORRESTER RESEARCH INC,Industrials
FNWD,FINWARD BANCORP,Financials
GETY,GETTY IMAGES HOLDINGS INC CLASS A,Communication
WHG,WESTWOOD HOLDINGS GROUP INC,Financials
KRRO,KORRO BIO INC,Health Care
WALD,WALDENCAST PLC CLASS A,Consumer Staples
OM,OUTSET MEDICAL INC,Health Care
HNVR,HANOVER BANCORP INC,Financials
LAKE,LAKELAND INDUSTRIES INC,Consumer Discretionary
SKIN,SKINHEALTH SYSTEMS INC CLASS A,Consumer Staples
RVSB,RIVERVIEW BANCORP INC,Financials
GWRS,GLOBAL WATER RESOURCES INC,Utilities
PNBK,PATRIOT NATIONAL BANCORP INC,Financials
CLAR,CLARUS CORP,Consumer Discretionary
RMBI,RICHMOND MUTUAL BANCORPORATION INC,Financials
ECBK,ECB BANCORP INC,Financials
EEX,EMERALD HOLDING INC,Communication
NPWR,NET POWER INC CLASS A,Industrials
ZVIA,ZEVIA CLASS A,Consumer Staples
HAIN,HAIN CELESTIAL GROUP INC,Consumer Staples
RPT,RITHM PROPERTY INC TRUST,Financials
SPWR,SUNPOWER INC,Industrials
HFFG,HF FOODS GROUP INC,Consumer Staples
AISP,AIRSHIP AI HOLDINGS INC CLASS A,Information Technology
PAMT,PAMT CORP,Industrials
SSTI,SOUNDTHINKING INC,Information Technology
FFAI,FARADAY FUTURE INTELLIGENT ELECTRI,Consumer Discretionary
AIRS,AIRSCULPT TECHNOLOGIES INC,Health Care
TUSK,MAMMOTH ENERGY SERVICES INC,Energy
AEYE,AUDIOEYE INC,Information Technology
CBNA,CHAIN BRIDGE BANCORP INC CLASS A,Financials
SMTI,SANARA MEDTECH INC,Health Care
TZOO,TRAVELZOO,Communication
RNAC,CARTESIAN THERAPEUTICS INC,Health Care
EXFY,EXPENSIFY INC CLASS A,Information Technology
GYRE,GYRE THERAPEUTICS INC,Health Care
AVD,AMER VANGUARD CORP,Materials
VIRC,VIRCO MANUFACTURING CORP,Industrials
CSPI,CSP INC,Information Technology
STIM,NEURONETICS INC,Health Care
TTEC,TTEC HOLDINGS INC,Industrials
RCEL,AVITA MEDICAL INC,Health Care
BTMD,BIOTE CORP CLASS A,Health Care
LUNG,PULMONX CORP,Health Care
DCGO,DOCGO INC,Health Care
HQI,HIREQUEST INC,Industrials
UNB,UNION BANKSHARES INC,Financials
SFBC,SOUND FINANCIAL BANCORP INC,Financials
TKNO,ALPHA TEKNOVA INC,Health Care
INH,INHIBRX INC CVR,Health Care
TCI,TRANSCONTINENTAL REALTY INVESTORS,Real Estate
LNSR,LENSAR INC,Health Care
NRDY,NERDY INC CLASS A,Consumer Discretionary
CRMT,AMERICAS CAR MART INC,Consumer Discretionary
AARD,AARDVARK THERAPEUTICS INC,Health Care
GAMB,GAMBLING COM GROUP LTD,Communication
BARK,BARK INC CLASS A,Consumer Discretionary
FSP,FRANKLIN STREET PROPERTIES REIT CO,Real Estate
COOK,TRAEGER INC,Consumer Discretionary
AVBH,AVIDBANK HOLDINGS INC,Financials
ATYR,ATYR PHARMA INC,Health Care
AKE,AKERO THERAPEUTICS CVR,Health Care
SEAT,VIVID SEATS INC CLASS A,Communication
CURV,TORRID HOLDINGS INC,Consumer Discretionary
RBKB,RHINEBECK BANCORP INC,Financials
MYPS,PLAYSTUDIOS INC CLASS A,Communication
EHTH,EHEALTH INC,Financials
NL,NLI HOLDINGS INC,Industrials
TEAD,TEADS HOLDING,Communication
CLPR,CLIPPER REALTY INC,Real Estate
OPAL,OPAL FUELS INC CLASS A,Energy
SKIL,SKILLSOFT CORP CLASS A,Industrials
VHI,VALHI INC,Materials
ARAY,ACCURAY INC,Health Care
GOSS,GOSSAMER BIO INC,Health Care
LFT,LUMENT FINANCE TRUST INC,Financials
MKTW,MARKETWISE INC CLASS A,Financials
EP,EMPIRE PETROLEUM CORP,Energy
MYO,MYOMO INC,Health Care
PPHC,PUBLIC POLICY HOLDING INC,Industrials
GAIA,GAIA INC CLASS A,Communication
ISPR,ISPIRE TECHNOLOGY INC,Consumer Staples
LVWR,LIVEWIRE GROUP INC,Consumer Discretionary
DH,DEFINITIVE HEALTHCARE CORP CLASS A,Health Care
KG,KESTREL GROUP LTD,Financials
PROP,PRAIRIE OPERATING,Energy
CIX,COMPX INTERNATIONAL INC CLASS A,Industrials
FTLF,FITLIFE BRANDS INC,Consumer Staples
SBC,SBC MEDICAL GROUP HOLDINGS INC,Health Care
VALU,VALUE LINE INC,Financials
USGO,US GOLDMINING INC,Materials
SAFX,XCF GLOBAL INC CLASS A,Energy
INMB,INMUNE BIO INC,Health Care
SIEB,SIEBERT FINANCIAL CORP,Financials
SNBR,SLEEP NUMBER CORP,Consumer Discretionary
TVRD,TVARDI THERAPEUTICS INC,Health Care
AREN,ARENA GROUP HLDGS INC,Communication
AFRI,FORAFRIC GLOBAL PLC,Consumer Staples
BEEP,MOBILE INFRASTRUCTURE CORP,Industrials
ARL,AMERICAN REALTY INVESTORS INC,Real Estate
NEON,NEONODE INC,Information Technology
SLSN,SOLESENCE INC,Materials
MRDN,MERIDIAN HOLDINGS INC,Communication
NXXT,NEXTNRG INC,Energy
ACTU,ACTUATE THERAPEUTICS INC,Health Care
SLND,SOUTHLAND HOLDINGS INC,Industrials
ATLN,ATLANTIC INTERNATIONAL CORP,Health Care
ADRO,CHINOOK THERAPEUTICS INC,Health Care
VRM,VROOM INC,Financials
VGAS,VERDE CLEAN FUELS INC CLASS A,Energy
GOCO,GOHEALTH INC CLASS A,Financials
TVGN,TEVOGEN BIO HOLDINGS INC,Health Care
TSEOQ,TRINSEO PLC,Materials
PDLI,PDL BIOPHARMA INC,Health Care
GTXI,GTXI INC - CVR,Health Care
P5N994,Petrocorp Inc Escrow,Energy
SBT,STERLING BANCORP INC,Financials
THRD,THIRD HARMONIC BIO INC,Health Care
